"Item_Number","Set_Name","Theme","Pieces","Price","Amazon_Price","Year","Ages","Pages","Minifigures","Packaging","Weight","Unique_Pieces","Availability","Size","Amazon_Price_transformed"
41916,"Extra Dots - Series 2","DOTS",109,3.99,3.44,2020,"Ages_6+",NA,NA,"Foil pack",NA,6,"Retail","Small",1.44866354950074
41908,"Extra Dots - Series 1","DOTS",109,3.99,3.99,2020,"Ages_6+",NA,NA,"Foil pack",NA,6,"Retail","Small",1.51457878298499
11006,"Creative Blue Bricks","Classic",52,4.99,4.93,2020,"Ages_4+",37,NA,"Box",NA,28,"Retail","Small",1.61381621874586
11007,"Creative Green Bricks","Classic",60,4.99,4.93,2020,"Ages_4+",37,NA,"Box",NA,36,"Retail","Small",1.61381621874586
41901,"Funky Animals Bracelet","DOTS",33,4.99,4.99,2020,"Ages_6+",NA,NA,"Foil pack",NA,10,"Retail","Small",1.6196835212865
41902,"Sparkly Unicorn Bracelet","DOTS",33,4.99,4.99,2020,"Ages_6+",NA,NA,"Foil pack",NA,9,"Retail","Small",1.6196835212865
41903,"Cosmic Wonder Bracelet","DOTS",33,4.99,4.99,2020,"Ages_6+",NA,NA,"Foil pack",NA,9,"Retail","Small",1.6196835212865
41911,"Go Team! Bracelet","DOTS",33,4.99,4.99,2020,"Ages_6+",NA,NA,"Foil pack",NA,12,"Retail","Small",1.6196835212865
41912,"Love Birds Bracelet","DOTS",33,4.99,4.99,2020,"Ages_6+",NA,NA,"Foil pack",NA,10,"Retail","Small",1.6196835212865
41917,"Magic Forest Bracelet","DOTS",33,4.99,4.99,2020,"Ages_6+",NA,NA,"Foil pack",NA,9,"Retail","Small",1.6196835212865
41919,"Power Bracelet","DOTS",33,4.99,4.99,2020,"Ages_6+",NA,NA,"Foil pack",NA,12,"Retail","Small",1.6196835212865
10917,"Fire Truck","DUPLO",6,6.99,6.29,2020,"Ages_1½+",3,NA,"Box with backing card","0.15Kg (0.33 lb)",6,"Retail","Large",1.73618177735388
10918,"Tow Truck","DUPLO",7,6.99,6.29,2020,"Ages_1½+",3,NA,"Box with backing card",NA,7,"Retail","Large",1.73618177735388
41386,"Stephanie's Summer Heart Box","Friends",95,7.99,7.71,2019,"Ages_6+",40,1,"Other",NA,52,"Retail","Small",1.84550962021916
11010,"White Baseplate","Classic",1,7.99,7.86,2020,"Ages_4+",1,NA,"Shrink-wrapped",NA,1,"Retail","Small",1.85620852880045
10883,"My First Tow Truck","DUPLO",11,9.99,7.99,2019,"Ages_1½+",10,NA,"Box","0.26Kg (0.57 lb)",10,"Retail","Large",1.86536590196147
10766,"Woody & RC","Disney",69,9.99,7.99,2019,"Ages_4+",28,1,"Box",NA,36,"Retail","Small",1.86536590196147
41388,"Mia's Summer Heart Box","Friends",85,7.99,7.99,2019,"Ages_6+",36,1,"Other",NA,41,"Retail","Small",1.86536590196147
41387,"Olivia's Summer Heart Box","Friends",93,7.99,7.99,2019,"Ages_6+",40,2,"Other",NA,48,"Retail","Small",1.86536590196147
60239,"Police Patrol Car","City",92,9.99,8.35,2019,"Ages_5+",36,1,"Box","0.15Kg (0.33 lb)",52,"Retail - limited","Small",1.89019209535136
41452,"Prince Puppycorn Trike","Unikitty!",101,9.99,8.95,2018,"Ages_5-12",56,3,"Box","0.15Kg (0.33 lb)",65,"Retail","Small",1.92995379011783
71714,"Kai Avatar - Arcade Pod","NINJAGO",49,9.99,8.99,2020,"Ages_7+",3,2,"Box with backing card",NA,31,"Retail","Small",1.93253740016121
71715,"Jay Avatar - Arcade Pod","NINJAGO",47,9.99,8.99,2020,"Ages_7+",3,2,"Box with backing card",NA,28,"Retail","Small",1.93253740016121
10897,"My First Minnie Build","Disney",10,9.99,8.99,2019,"Ages_1½+",10,NA,"Box","0.25Kg (0.55 lb)",9,"Retail","Small",1.93253740016121
10900,"Police Bike","DUPLO",8,9.99,8.99,2019,"Ages_2+",10,1,"Box","0.18Kg (0.4 lb)",7,"Retail","Large",1.93253740016121
10927,"Pizza Stand","DUPLO",18,9.99,8.99,2020,"Ages_2+",12,1,"Box",NA,15,"Retail","Large",1.93253740016121
41360,"Emma's Mobile Veterinary Clinic","Friends",50,9.99,8.99,2019,"Ages_4+",28,1,NA,"0.1Kg (0.22 lb)",35,NA,"Small",1.93253740016121
60212,"Barbecue Burn Out","City",64,9.99,8.99,2019,"Ages_4+",28,2,"Box","0.13Kg (0.29 lb)",45,"Retail","Small",1.93253740016121
60251,"Monster Truck","City",55,9.99,8.99,2020,"Ages_5+",32,1,"Box","0.14Kg (0.31 lb)",34,"Retail","Small",1.93253740016121
60206,"Jet Patrol","City",54,9.99,8.99,2019,"Ages_4+",36,2,"Box","0.14Kg (0.32 lb)",45,"Retail","Small",1.93253740016121
60219,"Construction Loader","City",88,9.99,8.99,2019,"Ages_5+",36,1,"Box","0.16Kg (0.34 lb)",50,"Retail","Small",1.93253740016121
60255,"Stunt Team","City",62,9.99,8.99,2020,"Ages_5+",36,2,"Box","0.1Kg (0.23 lb)",34,"Retail","Small",1.93253740016121
71706,"Cole's Speeder Car","NINJAGO",52,9.99,8.99,2020,"Ages_4+",36,2,"Box",NA,32,"Retail","Small",1.93253740016121
41389,"Ice Cream Cart","Friends",97,9.99,8.99,2020,"Ages_6+",40,1,"Box",NA,60,"Retail","Small",1.93253740016121
41396,"Puppy Playground","Friends",57,9.99,8.99,2020,"Ages_4+",40,1,"Box",NA,41,"Retail","Small",1.93253740016121
60241,"Police Dog Unit","City",67,9.99,8.99,2020,"Ages_4+",40,2,"Box","0.12Kg (0.28 lb)",48,"Retail","Small",1.93253740016121
75263,"Resistance Y-wing Microfighter","Star Wars",86,9.99,8.99,2020,"Ages_6+",40,1,"Box",NA,44,"Retail","Small",1.93253740016121
60249,"Street Sweeper","City",89,9.99,8.99,2020,"Ages_5+",48,1,"Box","0.14Kg (0.31 lb)",55,"Retail","Small",1.93253740016121
60250,"Mail Plane","City",74,9.99,8.99,2020,"Ages_5+",52,1,"Box","0.15Kg (0.33 lb)",55,"Retail","Small",1.93253740016121
60224,"Satellite Service Mission","City",84,9.99,8.99,2019,"Ages_5+",56,1,"Box","0.15Kg (0.34 lb)",52,"Retail","Small",1.93253740016121
60247,"Forest Fire","City",84,9.99,8.99,2020,"Ages_5+",56,1,"Box","0.13Kg (0.3 lb)",49,"Retail","Small",1.93253740016121
71700,"Jungle Raider","NINJAGO",127,9.99,8.99,2020,"Ages_7+",60,1,"Box",NA,61,"Retail","Small",1.93253740016121
41451,"Unikitty Cloud Car","Unikitty!",126,9.99,9.17,2018,"Ages_5-12",60,3,"Box","0.14Kg (0.31 lb)",83,"Retail","Small",1.94406508590289
10860,"My First Race Car","DUPLO",6,4.99,9.45,2018,"Ages_1½-3",9,NA,"Box","0.13Kg (0.29 lb)",6,"Retail","Large",1.96168622538034
60263,"Ocean Mini-Submarine","City",41,9.99,9.49,2020,"Ages_4+",37,1,"Box","0.13Kg (0.28 lb)",30,"Retail","Small",1.96417357391938
41425,"Olivia's Flower Garden","Friends",92,9.99,9.49,2020,"Ages_6+",48,2,"Box",NA,61,"Retail","Small",1.96417357391938
43173,"Aurora's Royal Carriage","Disney",62,9.99,9.72,2020,"Ages_5+",28,1,"Box",NA,35,"Retail","Small",1.97833520513071
71716,"Lloyd Avatar - Arcade Pod","NINJAGO",48,9.99,9.84,2020,"Ages_7+",3,2,"Box with backing card",NA,28,"Retail","Small",1.98563093162195
43170,"Moana's Ocean Adventure","Disney",46,9.99,9.84,2020,"Ages_6+",36,1,"Box",NA,39,"Retail","Small",1.98563093162195
21162,"The Taiga Adventure","Minecraft",74,9.99,9.84,2020,"Ages_7+",40,2,"Box",NA,48,"Retail","Small",1.98563093162195
75264,"Kylo Ren's Shuttle Microfighter","Star Wars",72,9.99,9.84,2020,"Ages_6+",40,1,"Box",NA,40,"Retail","Small",1.98563093162195
76141,"Thanos Mech","Marvel",152,9.99,9.84,2020,"Ages_6+",56,1,"Box",NA,62,"Retail","Small",1.98563093162195
76140,"Iron Man Mech","Marvel",148,9.99,9.84,2020,"Ages_6+",64,1,"Box",NA,61,"Retail","Small",1.98563093162195
76146,"Spider-Man Mech","Marvel",152,9.99,9.84,2020,"Ages_6+",68,1,"Box",NA,62,"Retail","Small",1.98563093162195
31099,"Propeller Plane","Creator 3-in-1",128,9.99,9.84,2020,"Ages_6+",112,NA,"Box",NA,50,"Retail","Small",1.98563093162195
31100,"Sports Car","Creator 3-in-1",134,9.99,9.84,2020,"Ages_6+",120,NA,"Box",NA,60,"Retail","Small",1.98563093162195
76158,"Batboat The Penguin Pursuit!","Batman",54,9.99,9.89,2020,"Ages_4+",44,2,"Box",NA,41,"Retail","Small",1.98865244032508
11001,"Bricks and Ideas","Classic",123,9.99,9.97,2019,"Ages_4+",42,NA,NA,"0.17Kg (0.37 lb)",59,NA,"Small",1.99346469015063
76089,"Mighty Micros: Scarlet Spider vs. Sandman","Marvel",89,9.99,9.99,2018,"Ages_5-12",7,2,"Box",NA,49,"Retail","Small",1.99466352665305
10870,"Farm Animals","DUPLO",16,9.99,9.99,2018,"Ages_2-5",8,NA,"Box",NA,13,NA,"Large",1.99466352665305
10898,"My First Mickey Build","Disney",9,9.99,9.99,2019,"Ages_1½+",10,NA,"Box","0.24Kg (0.53 lb)",8,"Retail","Small",1.99466352665305
60191,"Arctic Exploration Team","City",70,9.99,10,2018,"Ages_5-12",28,3,"Box","0.12Kg (0.26 lb)",47,"Retail","Small",1.99526231496888
21157,"BigFig Pig with Baby Zombie","Minecraft",159,14.99,10.99,2020,"Ages_7+",40,NA,"Box",NA,47,"Retail","Small",2.05257628910764
31087,"Dune Buggy","Creator 3-in-1",147,12.99,11.92,2019,"Ages_6+",120,NA,"Box","0.25Kg (0.55 lb)",65,"Retail","Small",2.10321115552359
21156,"BigFig Creeper and Ocelot","Minecraft",184,14.99,11.99,2020,"Ages_7+",48,NA,"Box",NA,65,"Retail","Small",2.10690888662983
31101,"Monster Truck","Creator 3-in-1",163,14.99,11.99,2020,"Ages_7+",136,NA,"Box",NA,54,"Retail","Small",2.10690888662983
60237,"Curves & Crossroad","City",2,14.99,11.99,2019,"Ages_5+",NA,NA,"Shrink-wrapped","0.2Kg (0.44 lb)",2,"Retail","Small",2.10690888662983
70822,"Unikitty's Sweetest Friends EVER!","THE LEGO MOVIE 2",76,9.99,12.5,2019,"Ages_5+",36,3,"Box","0.08Kg (0.18 lb)",50,"Retail","Small",2.13340350322324
41357,"Olivia's Heart Box","Friends",85,7.99,12.89,2019,"Ages_6+",32,2,NA,"0.14Kg (0.31 lb)",38,NA,"Small",2.15315787818005
42101,"Buggy","Technic",117,12.99,12.93,2020,"Ages_7+",48,NA,"Box",NA,47,"Retail","Small",2.15516019632611
75891,"Chevrolet Camaro ZL1 Race Car","Speed Champions",198,14.99,12.93,2019,"Ages_7+",60,1,"Box","0.23Kg (0.51 lb)",81,"Retail","Small",2.15516019632611
75892,"McLaren Senna","Speed Champions",219,14.99,12.93,2019,"Ages_7+",64,1,"Box","0.25Kg (0.55 lb)",92,"Retail","Small",2.15516019632611
31086,"Futuristic Flyer","Creator 3-in-1",157,14.99,12.93,2019,"Ages_7+",136,NA,"Box","0.27Kg (0.59 lb)",65,"Retail","Small",2.15516019632611
31088,"Deep Sea Creatures","Creator 3-in-1",230,14.99,12.93,2019,"Ages_7+",176,NA,"Box","0.31Kg (0.68 lb)",83,"Retail","Small",2.15516019632611
41607,"Gamora","BrickHeadz",136,9.99,12.98,2018,"Ages_10+",48,NA,"Box",NA,51,"Retail","Small",2.15765700570887
42102,"Mini CLAAS XERION","Technic",130,12.99,12.99,2020,"Ages_7+",56,NA,"Box",NA,45,"Retail","Small",2.15815555935837
75895,"1974 Porsche 911 Turbo 3.0","Speed Champions",180,14.99,13.29,2019,"Ages_7+",80,1,"Box",NA,75,"Retail","Small",2.17298883198919
75266,"Sith Troopers Battle Pack","Star Wars",105,14.99,13.47,2020,"Ages_6+",40,3,"Box",NA,51,"Retail","Small",2.18177659583728
75267,"Mandalorian Battle Pack","Star Wars",102,14.99,13.47,2020,"Ages_6+",44,4,"Box",NA,59,"Retail","Small",2.18177659583728
10714,"Blue Baseplate","Classic",1,7.99,13.48,2018,"Ages_4-99",NA,NA,NA,"0.1Kg (0.22 lb)",1,"Retail","Small",2.18226238869444
10925,"Playroom","DUPLO",17,14.99,13.49,2020,"Ages_2+",2,2,"Box",NA,16,"Retail","Large",2.18274792935073
60236,"Straight & T-Junction","City",2,14.99,13.49,2019,"Ages_5+",NA,NA,"Shrink-wrapped","0.2Kg (0.44 lb)",2,"Retail","Small",2.18274792935073
75246,"Death Star Cannon","Star Wars",159,19.99,13.85,2019,"Ages_7+",80,2,"Box",NA,79,"Retail","Small",2.20006206161197
10401,"Rainbow Fun","Classic",85,4.99,14,2018,"Ages_5-99",37,NA,"Box",NA,42,"Retail","Small",2.20718334665857
41608,"Han Solo","Star Wars",141,9.99,14,2018,"Ages_10+",44,NA,"Box",NA,51,"Retail","Small",2.20718334665857
76094,"Mighty Micros: Supergirl vs. Brainiac",NA,80,9.99,14.09,2018,"Ages_5-12",7,2,"Box",NA,50,"Retail",NA,2.21143051453853
60190,"Arctic Ice Glider","City",50,6.99,14.14,2018,"Ages_5-12",28,1,"Box","0.08Kg (0.17 lb)",30,"Retail","Small",2.21378185172086
41169,"Olaf","LEGO Frozen 2",122,14.99,14.24,2019,"Ages_6+",52,NA,"Box",NA,61,"Retail","Small",2.21846712198116
60238,"Switch Tracks","City",8,15.99,14.39,2018,"Ages_5-12",NA,NA,"Box","0.28Kg (0.62 lb)",4,"Retail","Small",2.22545203386144
70682,"Spinjitzu Slam - Jay","NINJAGO",72,9.99,14.43,2019,"Ages_7+",44,1,"Box",NA,37,"Retail","Small",2.22730606329891
71372,"Cat Mario Power-Up Pack","LEGO Super Mario",11,9.99,14.52,2020,"Ages_6+",NA,NA,"Box",NA,9,"Retail","Small",2.23146451437068
41385,"Emma's Summer Heart Box","Friends",86,7.99,14.67,2019,"Ages_6+",36,1,"Other",NA,45,"Retail","Small",2.23835535044792
41905,"Rainbow Jewellery Stand","DOTS",213,14.99,14.97,2020,"Ages_6+",4,NA,"Plastic canister",NA,42,"Retail","Small",2.25199042733589
10926,"Bedroom","DUPLO",16,14.99,14.99,2020,"Ages_2+",2,2,"Box",NA,16,"Retail","Large",2.25289260697072
41904,"Animal Picture Holders","DOTS",423,14.99,14.99,2020,"Ages_6+",4,NA,"Plastic canister",NA,54,"Retail","Small",2.25289260697072
41356,"Stephanie's Heart Box","Friends",85,7.99,14.99,2019,"Ages_6+",32,1,NA,"0.13Kg (0.29 lb)",36,NA,"Small",2.25289260697072
41384,"Andrea's Summer Heart Box","Friends",83,7.99,14.99,2019,"Ages_6+",36,1,"Other",NA,46,"Retail","Small",2.25289260697072
70645,"Cole - Dragon Master","NINJAGO",92,14.99,14.99,2018,"Ages_8-14",48,1,"Box",NA,54,"Retail","Small",2.25289260697072
70665,"The Samurai Mech","NINJAGO",154,14.99,14.99,2019,"Ages_7+",48,3,"Box","0.16Kg (0.35 lb)",71,"Retail","Small",2.25289260697072
70824,"Introducing Queen Watevra Wa'Nabi","THE LEGO MOVIE 2",115,19.99,14.99,2019,"Ages_6+",48,4,"Box","0.24Kg (0.53 lb)",82,"Retail","Small",2.25289260697072
75890,"Ferrari F40 Competizione","Speed Champions",198,14.99,14.99,2019,"Ages_7+",56,1,"Box","0.22Kg (0.48 lb)",72,"Retail","Small",2.25289260697072
31092,"Helicopter Adventure","Creator 3-in-1",114,9.99,15.04,2019,"Ages_6+",92,NA,"Box","0.19Kg (0.42 lb)",68,"Retail","Small",2.25514437558881
70681,"Spinjitzu Slam - Lloyd","NINJAGO",70,9.99,15.28,2019,"Ages_7+",44,1,"Box",NA,34,"Retail","Small",2.26588052267047
41408,"Mia's Play Cube - Cinema","Friends",37,9.99,15.32,2020,"Ages_6+",5,1,"Box",NA,31,"Retail","Small",2.26765838198595
71370,"Fire Mario Power-Up Pack","LEGO Super Mario",11,9.99,15.56,2020,"Ages_6+",NA,NA,"Box",NA,9,"Retail","Small",2.27825786278054
70680,"Monastery Training","NINJAGO",122,9.99,15.64,2019,"Ages_6+",40,2,"Box","0.13Kg (0.29 lb)",65,"Retail","Small",2.28176558011669
70848,"Systar Party Crew","THE LEGO MOVIE 2",196,19.99,15.66,2019,"Ages_7+",80,2,"Box",NA,104,"Retail","Small",2.28264054625566
41453,"Party Time","Unikitty!",214,19.99,15.95,2018,"Ages_6-12",80,4,"Box","0.27Kg (0.59 lb)",119,"Retail","Small",2.29524054066898
43174,"Mulan's Storybook Adventures","Disney",124,19.99,15.99,2020,"Ages_5+",3,3,"Box",NA,72,"Retail","Small",2.2969658538484
10894,"Toy Story Train","Disney",21,19.99,15.99,2019,"Ages_2+",8,2,"Box",NA,19,"Retail","Small",2.2969658538484
10713,"Creative Suitcase","Classic",213,19.99,15.99,2018,"Ages_4-99",36,NA,"Plastic box","0.84Kg (1.85 lb)",89,"Retail","Small",2.2969658538484
10771,"Carnival Thrill Coaster","Disney",98,19.99,15.99,2019,"Ages_4+",44,2,"Box",NA,56,"Retail","Small",2.2969658538484
75945,"Expecto Patronum","Harry Potter",121,19.99,15.99,2019,"Ages_7+",48,3,"Box",NA,55,"Retail","Small",2.2969658538484
76147,"Vulture's Trucker Robbery","Marvel",93,19.99,15.99,2020,"Ages_4+",48,3,"Box",NA,62,"Retail","Small",2.2969658538484
76123,"Captain America: Outriders Attack","Marvel",167,19.99,15.99,2019,"Ages_6+",52,3,"Box",NA,75,"Retail","Small",2.2969658538484
70672,"Cole's Dirt Bike","NINJAGO",212,19.99,15.99,2019,"Ages_8+",56,3,"Box",NA,97,"Retail","Small",2.2969658538484
75965,"The Rise of Voldemort","Harry Potter",184,19.99,15.99,2019,"Ages_7+",56,6,"Box",NA,102,"Retail","Small",2.2969658538484
41361,"Mia's Foal Stable","Friends",118,19.99,15.99,2019,"Ages_4+",64,1,NA,"0.29Kg (0.64 lb)",66,NA,"Small",2.2969658538484
70427,"Welcome to the Hidden Side","Hidden Side",189,19.99,15.99,2020,"Ages_7+",68,4,"Box",NA,103,"Retail","Small",2.2969658538484
21140,"The Chicken Coop","Minecraft",198,19.99,15.99,2018,"Ages_7-14",72,1,"Box","0.36Kg (0.79 lb)",90,"Retail","Small",2.2969658538484
21151,"The End Battle","Minecraft",222,19.99,15.99,2019,"Ages_7+",72,2,"Box","0.38Kg (0.84 lb)",91,"Retail","Small",2.2969658538484
60252,"Construction Bulldozer","City",126,19.99,15.99,2020,"Ages_4+",84,2,"Box","0.35Kg (0.78 lb)",81,"Retail","Small",2.2969658538484
76142,"Avengers Speeder Bike Attack","Marvel",226,19.99,15.99,2020,"Ages_6+",104,3,"Box",NA,97,"Retail","Small",2.2969658538484
10859,"My First Ladybird","DUPLO",6,4.99,16,2018,"Ages_1½-3",9,NA,"Box",NA,5,"Retail","Large",2.29739670999407
10886,"My First Car Creations","DUPLO",34,19.99,16,2019,"Ages_1½+",10,NA,NA,"0.64Kg (1.41 lb)",31,NA,"Large",2.29739670999407
60222,"Snow Groomer","City",197,19.99,16,2019,"Ages_6+",60,2,"Box","0.39Kg (0.85 lb)",81,"Retail","Small",2.29739670999407
41165,"Anna's Canoe Expedition","LEGO Frozen 2",108,19.99,16,2019,"Ages_4+",64,2,"Box",NA,61,"Retail","Small",2.29739670999407
60221,"Diving Yacht","City",148,19.99,16,2019,"Ages_5+",64,2,"Box","0.34Kg (0.74 lb)",81,"Retail","Small",2.29739670999407
70823,"Emmet's Thricycle!","THE LEGO MOVIE 2",174,14.99,16,2019,"Ages_7+",84,1,"Box","0.25Kg (0.55 lb)",100,"Retail","Small",2.29739670999407
60220,"Garbage Truck","City",90,19.99,16.36,2019,"Ages_4+",40,2,"Box","0.31Kg (0.69 lb)",52,"Retail","Small",2.31278355057467
43175,"Anna and Elsa's Storybook Adventures","LEGO Frozen 2",133,19.99,16.37,2020,"Ages_5+",3,4,"Box",NA,71,"Retail","Small",2.31320756443773
43176,"Ariel's Storybook Adventures","Disney",105,19.99,16.37,2020,"Ages_5+",3,3,"Box",NA,61,"Retail","Small",2.31320756443773
43177,"Belle's Storybook Adventures","Disney",111,19.99,16.37,2020,"Ages_5+",3,5,"Box",NA,71,"Retail","Small",2.31320756443773
41600,"Aquaman","BrickHeadz",135,9.99,16.49,2018,"Ages_10+",36,NA,"Box",NA,40,NA,"Small",2.31828164496195
60171,"Mountain Fugitives","City",88,9.99,16.49,2018,"Ages_5-12",36,4,"Box",NA,61,"Retail","Small",2.31828164496195
41158,"Jasmine's Petite Tower","Disney",49,9.99,16.75,2019,"Ages_5+",24,1,NA,"0.09Kg (0.2 lb)",35,NA,"Small",2.3291874607867
41251,"Poppy's Pod","Trolls World Tour",103,19.99,16.82,2020,"Ages_4+",68,1,"Box",NA,70,"Retail","Small",2.33210337489613
41250,"Techno Reef Dance Party","Trolls World Tour",173,19.99,16.82,2020,"Ages_5+",72,1,"Box",NA,85,"Retail","Small",2.33210337489613
21141,"The Zombie Cave","Minecraft",241,19.99,16.82,2018,"Ages_7-14",84,3,"Box","0.39Kg (0.86 lb)",88,"Retail","Small",2.33210337489613
41409,"Emma's Play Cube - Toy Store","Friends",49,9.99,16.86,2020,"Ages_6+",5,1,"Box",NA,42,"Retail","Small",2.33376579930368
76092,"Mighty Micros: Batman vs. Harley Quinn",NA,86,9.99,16.94,2018,"Ages_5-12",7,2,"Box",NA,54,"Retail",NA,2.33708238353088
41354,"Andrea's Heart Box","Friends",84,7.99,16.95,2019,"Ages_6+",32,1,NA,"0.14Kg (0.31 lb)",38,NA,"Small",2.33749618512652
60178,"Speed Record Car","City",78,9.99,16.98,2018,"Ages_5-12",40,1,"Box",NA,47,"Retail","Small",2.3387365654606
70428,"Jack's Beach Buggy","Hidden Side",170,19.99,16.99,2020,"Ages_7+",56,3,"Box",NA,98,"Retail","Small",2.33914968465752
21153,"The Wool Farm","Minecraft",260,19.99,16.99,2019,"Ages_7+",80,1,"Box",NA,81,"Retail","Small",2.33914968465752
75269,"Duel on Mustafar","Star Wars",208,19.99,16.99,2020,"Ages_7+",80,2,"Box",NA,84,"Retail","Small",2.33914968465752
70826,"Rex's Rex-treme Offroader!","THE LEGO MOVIE 2",236,29.99,16.99,2019,"Ages_7+",132,2,"Box","0.44Kg (0.97 lb)",109,"Retail","Small",2.33914968465752
31103,"Rocket Truck","Creator 3-in-1",198,19.99,16.99,2020,"Ages_7+",148,NA,"Box",NA,90,"Retail","Small",2.33914968465752
75207,"Imperial Patrol Battle Pack","Star Wars",99,14.99,17.25,2018,"Ages_6-12",36,3,"Box",NA,43,"Retail","Small",2.34983154602268
21158,"The Panda Nursery","Minecraft",204,19.99,17.34,2020,"Ages_7+",48,1,"Box",NA,76,"Retail","Small",2.35350284666978
42091,"Police Pursuit","Technic",120,19.99,17.35,2019,"Ages_7+",114,NA,"Box","0.29Kg (0.64 lb)",39,"Retail","Small",2.35390994493242
71373,"Builder Mario Power-Up Pack","LEGO Super Mario",10,9.99,17.4,2020,"Ages_6+",NA,NA,"Box",NA,8,"Retail","Small",2.35594297624705
70847,"Good Morning Sparkle Babies!","THE LEGO MOVIE 2",50,9.99,17.69,2019,"Ages_6+",32,4,"Box",NA,44,"Retail","Small",2.36765461788776
75549,"Unstoppable Bike Chase","Minions",136,19.99,17.79,2020,"Ages_6+",60,3,"Box",NA,79,"Retail","Small",2.37166194143295
60253,"Ice-Cream Truck","City",200,19.99,17.79,2020,"Ages_5+",100,2,"Box","0.37Kg (0.82 lb)",112,"Retail","Small",2.37166194143295
41355,"Emma's Heart Box","Friends",85,7.99,17.81,2019,"Ages_6+",32,1,NA,"0.14Kg (0.31 lb)",38,NA,"Small",2.3724615128782
41151,"Mulan's Training Day","Disney",104,14.99,17.9,2018,"Ages_5-12",36,1,"Box",NA,62,"Retail","Small",2.37605182671742
10920,"Elsa and Olaf's Tea Party","DUPLO",17,19.99,17.93,2020,"Ages_2+",12,2,"Box",NA,13,"Retail","Large",2.37724578953191
41402,"Olivia's Play Cube - Researcher","Friends",40,9.99,17.97,2020,"Ages_6+",5,1,"Box",NA,34,"Retail","Small",2.37883556662846
41403,"Mia's Play Cube - Veterinarian","Friends",40,9.99,17.97,2020,"Ages_6+",5,1,"Box",NA,32,"Retail","Small",2.37883556662846
41404,"Emma's Play Cube - Photographer","Friends",36,9.99,17.97,2020,"Ages_6+",5,1,"Box",NA,31,"Retail","Small",2.37883556662846
11002,"Basic Brick Set","Classic",300,19.99,17.97,2019,"Ages_4+",66,NA,NA,"0.44Kg (0.97 lb)",93,NA,"Small",2.37883556662846
31090,"Underwater Robot","Creator 3-in-1",207,19.99,17.97,2019,"Ages_7+",140,NA,"Box","0.36Kg (0.79 lb)",81,"Retail","Small",2.37883556662846
31089,"Sunset Track Racer","Creator 3-in-1",221,19.99,17.97,2019,"Ages_7+",144,NA,"Box","0.38Kg (0.84 lb)",81,"Retail","Small",2.37883556662846
41390,"Andrea's Car & Stage","Friends",240,19.99,17.98,2020,"Ages_6+",68,2,"Box",NA,116,"Retail","Small",2.37923262378858
10909,"Heart Box","DUPLO",80,19.99,17.99,2020,"Ages_1½+",2,NA,"Box",NA,39,"Retail","Large",2.3796295263959
10910,"Submarine Adventure","DUPLO",24,19.99,17.99,2019,"Ages_2+",8,2,"Box",NA,22,"Retail","Large",2.3796295263959
10901,"Fire Truck","DUPLO",21,19.99,17.99,2019,"Ages_2+",10,2,"Box","0.45Kg (0.99 lb)",16,"Retail","Large",2.3796295263959
10873,"Minnie's Birthday Party","Disney",21,19.99,17.99,2018,"Ages_2-5",12,1,"Box","0.36Kg (0.79 lb)",18,"Retail","Small",2.3796295263959
10882,"Train Tracks","DUPLO",23,19.99,17.99,2018,"Ages_2-5",16,NA,"Box","0.66Kg (1.45 lb)",9,"Retail","Large",2.3796295263959
70661,"Spinjitzu Zane","NINJAGO",109,9.99,17.99,2019,"Ages_7+",32,1,"Box","0.13Kg (0.29 lb)",21,"Retail","Small",2.3796295263959
41397,"Juice Truck","Friends",103,19.99,17.99,2020,"Ages_4+",52,2,"Box",NA,75,"Retail","Small",2.3796295263959
71701,"Kai's Fire Dragon","NINJAGO",81,19.99,17.99,2020,"Ages_4+",60,2,"Box",NA,48,"Retail","Small",2.3796295263959
60267,"Safari Off-Roader","City",168,19.99,17.99,2020,"Ages_5+",76,2,"Box","0.34Kg (0.76 lb)",86,"Retail","Small",2.3796295263959
41391,"Heartlake City Hair Salon","Friends",235,19.99,17.99,2020,"Ages_6+",84,2,"Box",NA,138,"Retail","Small",2.3796295263959
75265,"T-16 Skyhopper vs Bantha Microfighters","Star Wars",198,19.99,17.99,2020,"Ages_6+",84,2,"Box",NA,100,"Retail","Small",2.3796295263959
71707,"Kai's Mech Jet","NINJAGO",217,19.99,17.99,2020,"Ages_7+",116,2,"Box",NA,94,"Retail","Small",2.3796295263959
60205,"Tracks","City",20,19.99,17.99,2018,"Ages_5-12",NA,NA,"Box","0.32Kg (0.7 lb)",3,"Retail","Small",2.3796295263959
75223,"Naboo Starfighter Microfighter","Star Wars",62,9.99,18.47,2019,"Ages_6+",36,1,"Box","0.08Kg (0.18 lb)",42,"Retail","Small",2.39850190993438
70683,"Spinjitzu Slam - Zane","NINJAGO",63,9.99,18.47,2019,"Ages_7+",40,1,"Box",NA,37,"Retail","Small",2.39850190993438
41401,"Stephanie's Play Cube - Baker","Friends",44,9.99,18.54,2020,"Ages_6+",5,1,"Box",NA,37,"Retail","Small",2.40122534635038
41358,"Mia's Heart Box","Friends",83,7.99,18.64,2019,"Ages_6+",32,1,NA,"0.14Kg (0.31 lb)",38,NA,"Small",2.40510351155043
41407,"Olivia's Play Cube - Sweet Shop","Friends",47,9.99,18.65,2020,"Ages_6+",5,1,"Box",NA,40,"Retail","Small",2.40549052636482
60218,"Desert Rally Racer","City",75,9.99,18.81,2019,"Ages_5+",36,1,"Box","0.16Kg (0.35 lb)",45,"Retail","Small",2.41166310120956
42104,"Race Truck","Technic",227,19.99,18.84,2020,"Ages_7+",35,NA,"Box",NA,59,"Retail","Small",2.41281636345509
42084,"Hook Loader","Technic",176,14.99,18.88,2018,"Ages_7-14",104,NA,"Box","0.27Kg (0.59 lb)",48,"Retail","Small",2.41435204852145
41400,"Andrea's Play Cube - Singer","Friends",49,9.99,18.93,2020,"Ages_6+",5,1,"Box",NA,32,"Retail","Small",2.41626845545072
41163,"Rapunzel's Small Tower","Disney",44,9.99,18.94,2019,"Ages_5+",24,1,NA,"0.09Kg (0.2 lb)",28,NA,"Small",2.41665131152697
41363,"Mia's Forest Adventures","Friends",134,14.99,18.95,2019,"Ages_6+",44,1,NA,"0.15Kg (0.33 lb)",77,NA,"Small",2.41703402613028
76896,"Nissan GT-R NISMO","Speed Champions",298,19.99,18.95,2020,"Ages_7+",80,1,"Box",NA,101,"Retail","Small",2.41703402613028
41601,"Cyborg","BrickHeadz",108,9.99,18.99,2018,"Ages_10+",32,NA,"Box",NA,48,NA,"Small",2.41856347234922
70637,"Cole - Spinjitzu Master","NINJAGO",73,9.99,18.99,2018,"Ages_6-14",32,1,"Box",NA,40,"Retail","Small",2.41856347234922
70648,"Zane - Dragon Master","NINJAGO",92,14.99,18.99,2018,"Ages_8-14",48,1,"Box",NA,54,"Retail","Small",2.41856347234922
31072,"Extreme Engines","Creator 3-in-1",109,9.99,18.99,2018,"Ages_6-12",76,NA,"Box","0.19Kg (0.42 lb)",53,"Retail","Small",2.41856347234922
76090,"Mighty Micros: Star-Lord vs. Nebula","Marvel",86,9.99,19.49,2018,"Ages_5-12",7,2,"Box",NA,45,"Retail","Small",2.437493979787
10885,"My First Fun Puzzle","DUPLO",15,19.99,19.55,2019,"Ages_1½+",9,NA,NA,NA,15,NA,"Large",2.43974270732973
31102,"Fire Dragon","Creator 3-in-1",234,19.99,19.59,2020,"Ages_7+",132,NA,"Box",NA,80,"Retail","Small",2.44123917644473
70636,"Zane - Spinjitzu Master","NINJAGO",69,9.99,19.65,2018,"Ages_6-14",32,1,"Box",NA,38,"Retail","Small",2.44347987484634
41405,"Andrea's Play Cube - Pet Shop","Friends",40,9.99,19.8,2020,"Ages_6+",5,1,"Box",NA,33,"Retail","Small",2.44906074413327
41287,"Bubbles Playground Showdown","Powerpuff Girls",144,19.99,19.84,2018,"Ages_6-12",48,3,"Box","0.23Kg (0.51 lb)",92,"Retail","Small",2.45054397508157
70841,"Benny's Space Squad","THE LEGO MOVIE 2",68,9.99,19.88,2019,"Ages_5+",32,5,"Box","0.09Kg (0.2 lb)",53,"Retail","Small",2.45202511423488
31071,"Drone Explorer","Creator 3-in-1",109,9.99,19.88,2018,"Ages_6-12",80,NA,"Box","0.17Kg (0.37 lb)",56,"Retail","Small",2.45202511423488
70671,"Lloyd's Journey","NINJAGO",81,14.99,19.94,2019,"Ages_6+",36,2,"Box",NA,50,"Retail","Small",2.4542429164793
41383,"Olivia's Hamster Playground","Friends",81,9.99,19.94,2019,"Ages_6+",40,1,NA,"0.1Kg (0.22 lb)",52,NA,"Small",2.4542429164793
41907,"Desk Organiser","DOTS",405,19.99,19.95,2020,"Ages_6+",4,NA,"Plastic canister",NA,44,"Retail","Small",2.45461209585553
41617,"Elsa","BrickHeadz",130,9.99,19.95,2018,"Ages_10+",44,NA,"Box",NA,48,"Retail","Small",2.45461209585553
75268,"Snowspeeder","Star Wars",91,19.99,19.95,2020,"Ages_4+",56,2,"Box",NA,64,"Retail","Small",2.45461209585553
75966,"Hogwarts Room of Requirement","Harry Potter",193,19.99,19.95,2020,"Ages_7+",60,4,"Box",NA,90,"Retail","Small",2.45461209585553
75939,"Dr. Wu's Lab: Baby Dinosaurs Breakout","Jurassic World",164,19.99,19.95,2020,"Ages_6+",64,2,"Box",NA,100,"Retail","Small",2.45461209585553
41426,"Heartlake City Park Café","Friends",224,19.99,19.95,2020,"Ages_6+",72,2,"Box",NA,117,"Retail","Small",2.45461209585553
76148,"Spider-Man vs. Doc Ock","Marvel",234,19.99,19.95,2020,"Ages_6+",72,3,"Box",NA,80,"Retail","Small",2.45461209585553
76895,"Ferrari F8 Tributo","Speed Champions",275,19.99,19.95,2020,"Ages_7+",72,1,"Box","0.32Kg (0.7 lb)",92,"Retail","Small",2.45461209585553
76897,"1985 Audi Sport Quattro S1","Speed Champions",250,19.99,19.95,2020,"Ages_7+",76,1,"Box",NA,102,"Retail","Small",2.45461209585553
11008,"Bricks and Houses","Classic",270,19.99,19.95,2020,"Ages_4+",77,NA,"Box",NA,121,"Retail","Small",2.45461209585553
75317,"The Mandalorian & The Child","Star Wars",295,19.99,19.95,2020,"Ages_10+",88,NA,"Box",NA,123,"Retail","Small",2.45461209585553
71363,"Desert Pokey","LEGO Super Mario",180,19.99,19.95,2020,"Ages_6+",NA,2,"Box",NA,70,"Retail","Small",2.45461209585553
70821,"Emmet and Benny's 'Build and Fix' Workshop!","THE LEGO MOVIE 2",117,19.99,19.98,2019,"Ages_4+",48,2,"Box","0.34Kg (0.75 lb)",73,"Retail","Small",2.45571885734177
41915,"Jewellery Box","DOTS",374,19.99,19.99,2020,"Ages_6+",3,NA,"Plastic canister",NA,35,"Retail","Small",2.4560875193235
41906,"Pineapple Pencil Holder","DOTS",351,19.99,19.99,2020,"Ages_6+",4,NA,"Plastic canister",NA,39,"Retail","Small",2.4560875193235
10767,"Duke Caboom's Stunt Show","Disney",120,19.99,19.99,2019,"Ages_4+",48,2,"Box",NA,62,"Retail","Small",2.4560875193235
70644,"Golden Dragon Master","NINJAGO",92,14.99,19.99,2018,"Ages_8-14",48,1,"Box",NA,54,"Retail","Small",2.4560875193235
75951,"Grindelwald's Escape",NA,132,19.99,19.99,2018,"Ages_7-14",48,2,"Box","0.24Kg (0.53 lb)",68,"Retail",NA,2.4560875193235
70433,"J.B.'s Submarine","Hidden Side",224,19.99,19.99,2020,"Ages_7+",64,3,"Box",NA,120,"Retail","Small",2.4560875193235
70836,"Battle-Ready Batman and MetalBeard","Batman",168,19.99,19.99,2019,"Ages_6+",64,2,"Box","0.24Kg (0.53 lb)",98,"Retail","Small",2.4560875193235
41421,"Baby Elephant Jungle Rescue","Friends",203,19.99,19.99,2020,"Ages_6+",68,2,"Box",NA,111,"Retail","Small",2.4560875193235
42103,"Dragster","Technic",225,19.99,19.99,2020,"Ages_7+",80,NA,"Box",NA,68,"Retail","Small",2.4560875193235
75976,"Wrecking Ball","Overwatch",227,19.99,19.99,2019,"Ages_9+",84,1,"Box",NA,78,"Retail","Small",2.4560875193235
42090,"Getaway Truck","Technic",128,19.99,19.99,2019,"Ages_7+",110,NA,"Box","0.31Kg (0.68 lb)",33,"Retail","Small",2.4560875193235
71364,"Whomp's Lava Trouble","LEGO Super Mario",133,19.99,19.99,2020,"Ages_6+",NA,2,"Box",NA,56,"Retail","Small",2.4560875193235
70647,"Kai - Dragon Master","NINJAGO",92,14.99,20.32,2018,"Ages_8-14",48,1,"Box",NA,53,"Retail","Small",2.46818160402142
41602,"Rey","Star Wars",119,9.99,20.5,2018,"Ages_10+",36,NA,"Box",NA,50,"Retail","Small",2.47472051359259
76137,"Batman vs. The Riddler Robbery","Batman",59,9.99,20.92,2019,"Ages_4+",36,2,"Box",NA,44,"Retail","Small",2.48982316967238
10403,"World Fun","Classic",295,19.99,20.99,2018,"Ages_5-99",53,2,"Box",NA,149,"Retail","Small",2.49231959263931
10904,"Baby Animals","DUPLO",9,9.99,21.11,2019,"Ages_2+",8,NA,"Box",NA,9,"Retail","Large",2.49658565039148
60185,"Mining Power Splitter","City",127,19.99,21.23,2018,"Ages_5-12",60,1,"Box","0.26Kg (0.58 lb)",85,"Retail","Small",2.50083476643697
10768,"Buzz and Bo Peep's Playground Adventure","Disney",139,24.99,21.47,2019,"Ages_4+",48,3,"Box",NA,85,"Retail","Small",2.50928282084189
75970,"Tracer vs. Widowmaker","Overwatch",129,14.99,21.57,2019,"Ages_8+",48,2,"Box","0.19Kg (0.42 lb)",74,"Retail","Small",2.51278333737193
70684,"Spinjitzu Slam - Kai vs. Samurai","NINJAGO",164,19.99,21.87,2019,"Ages_8+",76,2,"Box",NA,67,"Retail","Small",2.52321719107425
76101,"Outrider Dropship Attack","Marvel",124,14.99,21.95,2018,"Ages_6-12",52,3,"Box","0.18Kg (0.4 lb)",63,"Retail","Small",2.52598261594609
75535,"Han Solo","Star Wars",101,24.99,21.96,2018,"Ages_8-14",44,NA,"Box",NA,55,"Retail","Small",2.52632779771515
31091,"Shuttle Transporter","Creator 3-in-1",341,24.99,21.97,2019,"Ages_7+",268,NA,"Box","0.51Kg (1.12 lb)",122,"Retail","Small",2.52667286947112
10915,"Alphabet Truck","DUPLO",36,24.99,21.99,2020,"Ages_1½+",1,2,"Box",NA,35,"Retail","Large",2.52736268328414
10872,"Train Bridge and Tracks","DUPLO",26,24.99,21.99,2018,"Ages_2-5",16,1,"Box","0.88Kg (1.95 lb)",10,"Retail","Large",2.52736268328414
60184,"Mining Team","City",82,9.99,21.99,2018,"Ages_5-12",32,4,"Box","0.13Kg (0.29 lb)",64,"Retail","Small",2.52736268328414
41155,"Elsa's Market Adventure","Disney",125,19.99,21.99,2018,"Ages_5-12",48,2,"Box","0.22Kg (0.48 lb)",78,"Retail","Small",2.52736268328414
60207,"Drone Chase","City",192,29.99,21.99,2019,"Ages_5+",100,3,"Box","0.35Kg (0.77 lb)",112,"Retail","Small",2.52736268328414
70646,"Jay - Dragon Master","NINJAGO",92,14.99,22,2018,"Ages_8-14",48,1,"Box",NA,53,"Retail","Small",2.5277074255111
10871,"Airport","DUPLO",29,24.99,22.49,2018,"Ages_2-5",20,3,"Box","0.66Kg (1.45 lb)",24,NA,"Large",2.54446708136662
21149,"Minecraft Alex BigFig with Chicken","Minecraft",160,14.99,22.5,2019,"Ages_7+",40,NA,"Box","0.17Kg (0.37 lb)",70,"Retail","Small",2.54480644168664
42088,"Cherry Picker","Technic",155,9.99,22.75,2019,"Ages_7+",40,NA,NA,"0.16Kg (0.35 lb)",51,NA,"Small",2.55325634775255
76128,"Molten Man Battle","Spider-Man",294,29.99,22.79,2019,"Ages_7+",76,3,"Box",NA,117,"Retail","Small",2.55460229237322
76133,"Spider-Man Car Chase","Marvel",52,9.99,22.88,2019,"Ages_4+",36,2,"Box","0.16Kg (0.35 lb)",38,"Retail","Small",2.55762463285013
76093,"Mighty Micros: Nightwing vs. The Joker",NA,84,9.99,22.95,2018,"Ages_5-12",7,2,"Box",NA,53,"Retail",NA,2.55996959367944
70418,"J.B.'s Ghost Lab","Hidden Side",174,19.99,22.98,2019,"Ages_7+",64,3,"Box",NA,104,"Retail","Small",2.56097304435888
75239,"Hoth Generator Attack","Star Wars",235,29.99,22.99,2019,"Ages_7+",68,2,"Box",NA,101,"Retail","Small",2.56130732413539
41603,"Kylo Ren","Star Wars",130,9.99,23.15,2018,"Ages_10+",40,NA,"Box",NA,50,"Retail","Small",2.56664201130332
60240,"Kayak Adventure","City",84,9.99,23.22,2019,"Ages_5+",36,1,"Box","0.15Kg (0.33 lb)",48,"Retail - limited","Small",2.56896782284243
10908,"Plane","DUPLO",12,9.99,23.27,2019,"Ages_2+",10,1,"Box",NA,11,"Retail","Large",2.57062611357368
60177,"Airshow Jet","City",87,9.99,23.29,2018,"Ages_5-12",56,1,"Box",NA,53,"Retail","Small",2.57128873150317
75224,"Sith Infiltrator Microfighter","Star Wars",92,9.99,23.4,2019,"Ages_6+",40,1,"Box","0.1Kg (0.22 lb)",45,"Retail","Small",2.57492602799051
41606,"Star-Lord","BrickHeadz",113,9.99,23.79,2018,"Ages_10+",40,NA,"Box",NA,51,"Retail","Small",2.58772625753563
60213,"Dock Side Fire","City",97,19.99,23.83,2019,"Ages_5+",48,2,"Box","0.25Kg (0.54 lb)",63,"Retail","Small",2.58903077449657
70420,"Graveyard Mystery","Hidden Side",335,29.99,23.97,2019,"Ages_7+",112,4,"Box",NA,160,"Retail","Small",2.5935845487638
60248,"Fire Helicopter Response","City",93,29.99,23.98,2020,"Ages_5+",44,3,"Box","0.25Kg (0.55 lb)",61,"Retail","Small",2.59390910520107
75946,"Hungarian Horntail Triwizard Challenge","Harry Potter",265,29.99,23.99,2019,"Ages_8+",52,4,"Box",NA,101,"Retail","Small",2.59423356691092
41166,"Elsa and the Reindeer Carriage","LEGO Frozen 2",116,29.99,23.99,2019,"Ages_4+",72,1,"Box",NA,78,"Retail","Small",2.59423356691092
60256,"Racing Cars","City",190,29.99,23.99,2020,"Ages_5+",84,2,"Box","0.34Kg (0.75 lb)",101,"Retail","Small",2.59423356691092
70827,"Ultrakatty & Warrior Lucy!","THE LEGO MOVIE 2",348,29.99,23.99,2019,"Ages_8+",92,2,"Box","0.41Kg (0.9 lb)",119,"Retail","Small",2.59423356691092
41253,"Lonesome Flats Raft Adventure","Trolls World Tour",159,29.99,23.99,2020,"Ages_4+",100,3,"Box",NA,110,"Retail","Small",2.59423356691092
43178,"Cinderella's Castle Celebration","Disney",168,29.99,23.99,2020,"Ages_4+",100,1,"Box",NA,96,"Retail","Small",2.59423356691092
70419,"Wrecked Shrimp Boat","Hidden Side",310,29.99,23.99,2019,"Ages_7+",108,4,"Box",NA,150,"Retail","Small",2.59423356691092
71709,"Jay and Lloyd's Velocity Racers","NINJAGO",322,29.99,23.99,2020,"Ages_7+",148,3,"Box",NA,142,"Retail","Small",2.59423356691092
41337,"Underwater Loop","Friends",389,29.99,24,2019,"Ages_7+",76,2,"Box",NA,165,"Retail","Small",2.59455793396046
60231,"Fire Chief Response Truck","City",201,29.99,24,2019,"Ages_5+",84,2,"Box","0.38Kg (0.83 lb)",98,"Retail","Small",2.59455793396046
11004,"Windows of Creativity","Classic",450,29.99,24,2019,"Ages_4+",85,NA,"Box",NA,153,"Retail","Small",2.59455793396046
60225,"Rover Testing Drive","City",202,29.99,24,2019,"Ages_5+",96,2,"Box","0.36Kg (0.8 lb)",98,"Retail","Small",2.59455793396046
70673,"Shuricopter","NINJAGO",361,29.99,24,2019,"Ages_8+",100,3,"Box",NA,163,"Retail","Small",2.59455793396046
21154,"The Blaze Bridge","Minecraft",372,29.99,24,2019,"Ages_8+",108,3,"Box",NA,127,"Retail","Small",2.59455793396046
75893,"2018 Dodge Challenger SRT Demon and 1970 Dodge Charger R/T","Speed Champions",478,29.99,24,2019,"Ages_7+",124,3,"Box","0.54Kg (1.19 lb)",159,"Retail","Small",2.59455793396046
75971,"Hanzo vs. Genji","Overwatch",197,19.99,24.45,2019,"Ages_8+",60,3,"Box","0.3Kg (0.66 lb)",84,"Retail","Small",2.6090575515787
75248,"Resistance A-wing Starfighter","Star Wars",269,29.99,24.47,2019,"Ages_7+",84,2,"Box",NA,112,"Retail","Small",2.60969762788009
10749,"Mia's Organic Food Market","Friends",115,19.99,24.49,2018,"Ages_4-7",56,1,"Box",NA,70,"Retail","Small",2.61033733807987
41252,"Poppy's Air Balloon Adventure","Trolls World Tour",250,29.99,24.86,2020,"Ages_6+",68,3,"Box",NA,121,"Retail","Small",2.62210656151245
41913,"Bracelet Mega Pack","DOTS",300,24.99,24.95,2020,"Ages_6+",2,NA,NA,NA,39,"Retail","Small",2.62495078332753
75194,"First Order TIE Fighter Microfighter","Star Wars",91,9.99,24.95,2018,"Ages_6-12",40,1,"Box","0.11Kg (0.24 lb)",47,"Retail","Small",2.62495078332753
70634,"Nya - Spinjitzu Master","NINJAGO",69,9.99,24.98,2018,"Ages_6-14",32,1,"Box",NA,43,"Retail","Small",2.62589726114798
10756,"Pteranodon Escape","Juniors",84,19.99,25.99,2018,"Ages_4-7",56,2,"Box","0.27Kg (0.59 lb)",60,"Retail","Small",2.65730793177576
21159,"The Pillager Outpost","Minecraft",303,29.99,25.99,2020,"Ages_8+",68,3,"Box",NA,94,"Retail","Small",2.65730793177576
76149,"The Menace of Mysterio","Marvel",163,29.99,25.99,2020,"Ages_4+",128,3,"Box",NA,97,"Retail","Small",2.65730793177576
21150,"Minecraft Skeleton BigFig with Magma Cube","Minecraft",142,14.99,26.25,2019,"Ages_7+",40,NA,"Box","0.17Kg (0.37 lb)",56,"Retail","Small",2.66525515689818
60180,"Monster Truck","City",192,19.99,26.48,2018,"Ages_6-12",76,1,"Box","0.38Kg (0.84 lb)",76,"Retail","Small",2.67223959200395
10913,"Brick Box","DUPLO",65,29.99,26.79,2020,"Ages_1½+",20,2,"Tag",NA,46,"Retail","Large",2.68158652167225
60242,"Police Highway Arrest","City",185,29.99,26.98,2020,"Ages_5+",108,2,"Box","0.33Kg (0.73 lb)",98,"Retail","Small",2.68727791896034
10863,"My First Animal Brick Box","DUPLO",34,29.99,26.99,2018,"Ages_1½-3",9,NA,"Plastic box",NA,29,NA,"Large",2.68757668797996
10921,"Super Heroes Lab","DUPLO",30,29.99,26.99,2020,"Ages_2+",16,3,"Box",NA,23,"Retail","Large",2.68757668797996
71708,"Gamer's Market","NINJAGO",218,29.99,26.99,2020,"Ages_7+",64,9,"Box",NA,133,"Retail","Small",2.68757668797996
41392,"Nature Glamping","Friends",241,29.99,26.99,2020,"Ages_6+",72,2,"Box",NA,110,"Retail","Small",2.68757668797996
71713,"Empire Dragon","NINJAGO",286,29.99,26.99,2020,"Ages_8+",80,3,"Box",NA,118,"Retail","Small",2.68757668797996
41366,"Olivia's Cupcake Cafe","Friends",335,29.99,26.99,2019,"Ages_6+",100,2,NA,"0.56Kg (1.23 lb)",185,NA,"Small",2.68757668797996
60254,"Race Boat Transporter","City",238,29.99,26.99,2020,"Ages_5+",124,2,"Box","0.56Kg (1.24 lb)",123,"Retail","Small",2.68757668797996
60176,"Wild River Escape","City",126,19.99,27,2018,"Ages_5-12",56,2,"Box","0.23Kg (0.51 lb)",71,"Retail","Small",2.68787537952229
41348,"Service & Care Truck","Friends",247,19.99,27.07,2018,"Ages_6-12",84,1,"Box","0.35Kg (0.77 lb)",123,"Retail","Small",2.68996405504553
76124,"War Machine Buster","Marvel",362,34.99,27.79,2019,"Ages_7+",64,4,"Box",NA,122,"Retail","Small",2.71123126523878
70421,"El Fuego's Stunt Truck","Hidden Side",428,39.99,27.85,2019,"Ages_8+",156,4,"Box",NA,198,"Retail","Small",2.71298604500197
75214,"Anakin's Jedi Starfighter","Star Wars",247,19.99,27.95,2018,"Ages_7-12",84,2,"Box","0.42Kg (0.93 lb)",111,"Retail","Small",2.71590480636769
70666,"The Golden Dragon","NINJAGO",171,19.99,27.98,2019,"Ages_7+",60,3,"Box","0.24Kg (0.53 lb)",74,"Retail","Small",2.71677900909622
75198,"Tatooine Battle Pack","Star Wars",97,14.99,27.99,2018,"Ages_6-12",36,4,"Box",NA,53,"Retail","Small",2.71707026419677
75270,"Obi-Wan's Hut","Star Wars",200,29.99,27.99,2020,"Ages_7+",68,4,"Box",NA,118,"Retail","Small",2.71707026419677
31073,"Mythical Creatures","Creator 3-in-1",223,14.99,28.4,2018,"Ages_7-12",189,NA,"Box","0.3Kg (0.66 lb)",66,"Retail","Small",2.72894951894446
41359,"Heart Box Friendship Pack","Friends",199,19.99,28.45,2019,"Ages_6+",60,2,NA,"0.31Kg (0.68 lb)",90,NA,"Small",2.73038997825268
10769,"RV Vacation","Disney",178,34.99,28.46,2019,"Ages_4+",72,3,"Box",NA,106,"Retail","Small",2.73067785742436
76091,"Mighty Micros: Thor vs. Loki","Marvel",79,9.99,28.49,2018,"Ages_5-12",7,2,"Box",NA,47,"Retail","Small",2.73154107032142
75236,"Duel on Starkiller Base","Star Wars",191,19.99,28.75,2019,"Ages_6+",68,2,"Box",NA,83,"Retail","Small",2.7389957268677
41328,"Stephanie's Bedroom","Friends",95,9.99,28.87,2018,"Ages_6-12",44,1,"Box",NA,72,"Retail","Small",2.74242042733921
31094,"Race Plane","Creator 3-in-1",333,29.99,28.99,2019,"Ages_7+",200,1,"Box","0.64Kg (1.41 lb)",134,"Retail","Small",2.74583517776389
75238,"Action Battle Endor Assault","Star Wars",193,29.99,29,2019,"Ages_7+",64,2,"Box",NA,108,"Retail","Small",2.74611929336248
75195,"Ski Speeder vs. First Order Walker Microfighters","Star Wars",216,19.99,29.2,2018,"Ages_6-12",92,2,"Box",NA,94,"Retail","Small",2.75178725856449
75258,"Anakin's Podracer – 20th Anniversary Edition","Star Wars",279,29.99,29.32,2019,"Ages_7+",84,3,"Box",NA,110,"Retail","Small",2.75517500453744
70660,"Spinjitzu Jay","NINJAGO",97,9.99,29.44,2019,"Ages_7+",32,1,"Box","0.13Kg (0.29 lb)",23,"Retail","Small",2.75855305867951
70662,"Spinjitzu Cole","NINJAGO",117,9.99,29.5,2019,"Ages_7+",32,1,"Box","0.14Kg (0.31 lb)",26,"Retail","Small",2.76023847229987
75934,"Dilophosaurus on the Loose","Jurassic World",168,19.99,29.69,2019,"Ages_6+",60,3,"Box",NA,88,"Retail","Small",2.76555983550338
21148,"Minecraft Steve BigFig with Parrot","Minecraft",159,14.99,29.9,2019,"Ages_7+",40,NA,"Box","0.17Kg (0.37 lb)",74,"Retail","Small",2.77141368087392
75271,"Luke Skywalker's Landspeeder","Star Wars",236,29.99,29.93,2020,"Ages_7+",72,3,"Box",NA,104,NA,"Small",2.77224759287909
70635,"Jay - Spinjitzu Master","NINJAGO",68,9.99,29.95,2018,"Ages_6-14",32,1,"Box",NA,39,"Retail","Small",2.77280320921072
70663,"Spinjitzu Nya & Wu","NINJAGO",227,19.99,29.95,2019,"Ages_7+",56,2,"Box","0.23Kg (0.51 lb)",49,"Retail","Small",2.77280320921072
75950,"Aragog's Lair","Harry Potter",157,14.99,29.95,2018,"Ages_7-14",56,2,"Box","0.16Kg (0.35 lb)",82,"Retail","Small",2.77280320921072
75281,"Anakin's Jedi Interceptor","Star Wars",248,29.99,29.95,2020,"Ages_7+",68,2,"Box",NA,100,"Retail","Small",2.77280320921072
75196,"A-Wing vs. TIE Silencer Microfighters","Star Wars",188,19.99,29.95,2018,"Ages_6-12",72,2,"Box","0.22Kg (0.48 lb)",88,"Retail","Small",2.77280320921072
75942,"Velociraptor: Biplane Rescue Mission","Jurassic World",101,29.99,29.95,2020,"Ages_4+",76,2,"Box",NA,72,"Retail","Small",2.77280320921072
75967,"Forbidden Forest: Umbridge's Encounter","Harry Potter",253,29.99,29.95,2020,"Ages_8+",84,4,"Box",NA,121,"Retail","Small",2.77280320921072
76150,"Spiderjet vs. Venom Mech","Marvel",371,29.99,29.95,2020,"Ages_7+",84,3,"Box",NA,136,"Retail","Small",2.77280320921072
70429,"El Fuego's Stunt Plane","Hidden Side",295,29.99,29.95,2020,"Ages_7+",92,3,"Box",NA,149,"Retail","Small",2.77280320921072
70430,"Newbury Subway","Hidden Side",348,29.99,29.95,2020,"Ages_8+",108,3,"Box",NA,146,"Retail","Small",2.77280320921072
41427,"Emma's Fashion Shop","Friends",343,29.99,29.95,2020,"Ages_6+",112,2,"Box",NA,152,"Retail","Small",2.77280320921072
41422,"Panda Jungle Tree House","Friends",265,29.99,29.95,2020,"Ages_7+",120,2,"Box",NA,149,"Retail","Small",2.77280320921072
76898,"Formula E Panasonic Jaguar Racing GEN2 Car & Jaguar I-PACE eTROPHY","Speed Champions",565,29.99,29.95,2020,"Ages_8+",128,2,"Box","0.73Kg (1.61 lb)",186,"Retail","Small",2.77280320921072
71365,"Piranha Plant Power Slide","LEGO Super Mario",217,29.99,29.95,2020,"Ages_7+",NA,3,"Box",NA,78,"Retail","Small",2.77280320921072
42073,"BASH!","Technic",139,19.99,29.98,2018,"Ages_7-14",127,NA,"Box","0.3Kg (0.66 lb)",46,"Retail","Small",2.77363614693806
10928,"Bakery","DUPLO",46,34.99,29.99,2020,"Ages_2+",20,2,"Box",NA,33,"Retail","Large",2.77391366318904
10902,"Police Station","DUPLO",38,29.99,29.99,2019,"Ages_2+",22,3,NA,"0.71Kg (1.56 lb)",25,NA,"Large",2.77391366318904
70633,"Kai - Spinjitzu Master","NINJAGO",61,9.99,29.99,2018,"Ages_6-14",32,1,"Box",NA,33,"Retail","Small",2.77391366318904
75197,"First Order Specialists Battle Pack","Star Wars",108,14.99,29.99,2018,"Ages_6-12",36,3,"Box",NA,48,"Retail","Small",2.77391366318904
75235,"X-wing Starfighter Trench Run","Star Wars",132,29.99,29.99,2019,"Ages_4+",64,3,"Box","0.36Kg (0.79 lb)",65,"Retail","Small",2.77391366318904
70434,"Supernatural Race Car","Hidden Side",244,29.99,29.99,2020,"Ages_7+",80,3,"Box",NA,115,"Retail","Small",2.77391366318904
71366,"Boomer Bill Barrage","LEGO Super Mario",132,29.99,29.99,2020,"Ages_7+",NA,2,"Box",NA,70,"Retail","Small",2.77391366318904
70659,"Spinjitzu Kai","NINJAGO",97,9.99,30,2019,"Ages_7+",32,1,"Box","0.13Kg (0.29 lb)",23,"Retail","Small",2.77419111467218
10715,"Bricks on a Roll",NA,442,NA,30.34,2018,"Ages_NA",99,NA,"Box",NA,153,"Retail",NA,2.78358618833315
10765,"Ariel's Underwater Concert","Juniors",92,14.99,30.48,2018,"Ages_4-7",40,1,"Box",NA,55,NA,"Small",2.78743333065258
10895,"Emmet and Lucy's Visitors from the DUPLO Planet","THE LEGO MOVIE 2",53,29.99,30.72,2019,"Ages_2+",25,2,"Box","0.8Kg (1.76 lb)",37,"Retail","Small",2.79399975314752
75885,"Ford Fiesta M-Sport WRC","Speed Champions",203,14.99,30.85,2018,"Ages_7-14",60,1,"Box","0.24Kg (0.54 lb)",88,"Retail","Small",2.79754158207341
60170,"Off-Road Chase","City",37,6.99,30.89,2018,"Ages_5-12",20,2,"Box",NA,28,"Retail","Small",2.79862927334026
70825,"Queen Watevra's Build Whatever Box!","THE LEGO MOVIE 2",455,39.99,30.95,2019,"Ages_6+",262,NA,"Box","0.84Kg (1.85 lb)",112,"Retail","Small",2.80025896313707
41376,"Turtles Rescue Mission","Friends",225,19.99,31.27,2019,"Ages_6+",72,2,"Box",NA,125,"Retail","Small",2.80891349345462
60208,"Parachute Arrest","City",218,39.99,31.46,2019,"Ages_5+",120,4,"Box","0.48Kg (1.05 lb)",139,"Retail","Small",2.81402282331207
60235,"City Advent Calendar","City",234,29.99,31.49,2019,"Ages_5+",3,8,"Box","0.39Kg (0.85 lb)",161,"Retail","Small",2.81482758355277
75926,"Pteranodon Chase","Jurassic World",126,19.99,31.49,2018,"Ages_6-12",44,2,"Box","0.28Kg (0.62 lb)",68,"Retail","Small",2.81482758355277
41378,"Dolphins Rescue Mission","Friends",363,39.99,31.67,2019,"Ages_6+",116,2,"Box",NA,192,"Retail","Small",2.81964490882492
76113,"Spider-Man Bike Rescue","Marvel",235,19.99,31.85,2019,"Ages_6+",92,3,"Box","0.34Kg (0.75 lb)",98,"Retail","Small",2.82444310616752
60234,"People Pack - Fun Fair","City",183,39.99,31.99,2019,"Ages_5+",64,14,"Box","0.28Kg (0.61 lb)",138,"Retail","Small",2.82816193069568
41168,"Elsa's Jewellery Box","LEGO Frozen 2",300,39.99,31.99,2019,"Ages_6+",96,1,"Box",NA,89,"Retail","Small",2.82816193069568
71710,"Ninja Tuner Car","NINJAGO",419,39.99,31.99,2020,"Ages_8+",108,3,"Box",NA,143,"Retail","Small",2.82816193069568
60226,"Mars Research Shuttle","City",273,39.99,31.99,2019,"Ages_5+",160,2,"Box","0.61Kg (1.34 lb)",135,"Retail","Small",2.82816193069568
75957,"The Knight Bus","Harry Potter",403,39.99,32,2019,"Ages_8+",84,3,"Box",NA,128,"Retail","Small",2.82842712474619
70674,"Fire Fang","NINJAGO",463,39.99,32,2019,"Ages_8+",88,4,"Box",NA,175,"Retail","Small",2.82842712474619
10861,"My First Emotions","DUPLO",28,19.99,32.07,2018,"Ages_1½-3",9,NA,"Box",NA,24,NA,"Large",2.8302818606869
76110,"Batman: The Attack of the Talons","Batman",155,19.99,32.25,2018,"Ages_7-12",60,3,"Box","0.34Kg (0.75 lb)",82,"Retail","Small",2.83503820413006
10770,"Buzz & Woody's Carnival Mania!","Disney",230,49.99,32.8,2019,"Ages_4+",52,5,"Box",NA,106,"Retail","Small",2.84945729863651
41254,"Volcano Rock City Concert","Trolls World Tour",387,39.99,32.88,2020,"Ages_6+",120,3,"Box",NA,175,"Retail","Small",2.85154048999615
41364,"Stephanie's Buggy & Trailer","Friends",166,19.99,32.9,2019,"Ages_6+",48,1,NA,"0.29Kg (0.64 lb)",97,NA,"Small",2.85206073335735
10750,"Road Repair Truck","Juniors",73,9.99,32.92,2018,"Ages_4-7",32,1,"Box","0.15Kg (0.33 lb)",50,"Retail","Small",2.85258075538547
41362,"Heartlake City Supermarket","Friends",140,29.99,32.97,2019,"Ages_4+",68,2,"Box",NA,90,"Retail","Small",2.85387984362248
70638,"Katana V11","NINJAGO",257,19.99,32.98,2018,"Ages_7-14",84,2,"Box","0.32Kg (0.7 lb)",111,"Retail","Small",2.85413949575497
10759,"Elastigirl's Rooftop Pursuit","Juniors",95,19.99,33.2,2018,"Ages_4-7",64,2,"Box",NA,77,"Retail","Small",2.85983795111367
42092,"Rescue Helicopter","Technic",325,39.99,33.28,2019,"Ages_8+",181,NA,"Box","0.45Kg (0.99 lb)",81,"Retail","Small",2.8619035626758
10762,"Belle's Story Time","Juniors",87,14.99,33.5,2018,"Ages_4-7",44,2,"Box",NA,66,"Retail","Small",2.86756612998058
41605,"Thanos","BrickHeadz",105,9.99,33.75,2018,"Ages_10+",32,NA,"Box",NA,37,"Retail","Small",2.87396935624967
10754,"Spider-Man vs. Scorpion Street Showdown","Marvel",125,19.99,33.8,2018,"Ages_4-7",64,2,"Box","0.34Kg (0.75 lb)",82,"Retail","Small",2.8752460142051
60201,"City Advent Calendar","City",313,29.99,33.99,2018,"Ages_5-12",4,6,"Box","0.43Kg (0.94 lb)",194,"Retail","Small",2.88008529236087
41353,"Friends Advent Calendar","Friends",500,29.99,34,2018,"Ages_6-12",4,NA,"Box",NA,202,"Retail","Small",2.88033946612744
60192,"Arctic Ice Crawler","City",200,24.99,34.25,2018,"Ages_6-12",92,1,"Box","0.34Kg (0.75 lb)",80,"Retail","Small",2.88667687251271
60214,"Burger Bar Fire Rescue","City",327,39.99,34.43,2019,"Ages_5+",164,3,"Box","0.61Kg (1.34 lb)",153,"Retail","Small",2.89121978266798
10858,"My First Puzzle Pets","DUPLO",18,9.99,34.5,2018,"Ages_1½-3",9,NA,"Box","0.34Kg (0.75 lb)",16,NA,"Large",2.89298198018747
75884,"1968 Ford Mustang Fastback","Speed Champions",183,14.99,34.69,2018,"Ages_7-14",60,1,"Box","0.22Kg (0.48 lb)",74,"Retail","Small",2.8977525051285
75225,"Elite Praetorian Guard Battle Pack","Star Wars",109,14.99,34.75,2019,"Ages_6+",40,4,"Box","0.12Kg (0.26 lb)",52,"Retail","Small",2.89925518603391
76157,"Wonder Woman vs. Cheetah","DC",371,39.99,34.76,2020,"Ages_8+",84,3,"Box",NA,130,"Retail","Small",2.89950545624016
70668,"Jay's Storm Fighter","NINJAGO",490,39.99,34.76,2019,"Ages_9+",140,4,"Box","0.7Kg (1.54 lb)",195,"Retail","Small",2.89950545624016
41190,"Emily Jones & The Eagle Getaway",NA,149,14.99,34.92,2018,"Ages_7-12",60,2,"Box",NA,87,"Retail",NA,2.90350294258682
60181,"Forest Tractor","City",174,19.99,34.94,2018,"Ages_5-12",64,1,"Box","0.38Kg (0.84 lb)",77,"Retail","Small",2.90400172628106
41371,"Mia's Horse Trailer","Friends",216,29.99,34.95,2019,"Ages_6+",76,2,"Box",NA,119,"Retail","Small",2.904251043185
41341,"Andrea's Bedroom","Friends",85,9.99,34.99,2018,"Ages_6-12",44,1,"Box",NA,60,"Retail","Small",2.90524781174628
10751,"Mountain Police Chase","Juniors",115,19.99,34.99,2018,"Ages_4-7",64,2,"Box","0.33Kg (0.73 lb)",85,"Retail","Small",2.90524781174628
31076,"Daredevil Stunt Plane","Creator 3-in-1",200,19.99,35,2018,"Ages_7-12",120,1,"Box",NA,86,"Retail","Small",2.90549687924422
31074,"Rocket Rally Car","Creator 3-in-1",241,19.99,35,2018,"Ages_7-12",148,NA,"Box","0.44Kg (0.97 lb)",104,"Retail","Small",2.90549687924422
41454,"Dr. Fox Laboratory","Unikitty!",359,29.99,35.5,2018,"Ages_6-12",132,4,"Box","0.52Kg (1.15 lb)",163,"Retail","Small",2.91788724728472
60243,"Police Helicopter Chase","City",212,39.99,35.98,2020,"Ages_5+",128,4,"Box","0.52Kg (1.16 lb)",127,"Retail","Small",2.92966759725292
41367,"Stephanie's Obstacle Course","Friends",337,39.99,35.99,2019,"Ages_6+",100,2,NA,"0.59Kg (1.3 lb)",168,NA,"Small",2.92991184816913
41393,"Baking Competition","Friends",361,39.99,35.99,2020,"Ages_6+",104,3,"Box",NA,157,"Retail","Small",2.92991184816913
71702,"Golden Mech","NINJAGO",489,39.99,35.99,2020,"Ages_8+",108,4,"Box",NA,172,"Retail","Small",2.92991184816913
76116,"Batman Batsub and the Underwater Clash","Batman",174,19.99,36,2019,"Ages_7+",64,3,"Box","0.32Kg (0.7 lb)",82,"Retail","Small",2.93015605158352
76119,"Batmobile: Pursuit of The Joker","Batman",342,29.99,36.23,2019,"Ages_7+",80,2,"Box",NA,114,"Retail","Small",2.93575967099012
41382,"Friends Advent Calendar","Friends",330,29.99,36.49,2019,"Ages_6+",2,3,"Box",NA,158,"Retail","Small",2.94206429209686
41288,"Mojo Jojo Strikes","Powerpuff Girls",228,29.99,36.69,2018,"Ages_6-12",76,4,"Box","0.37Kg (0.81 lb)",149,"Retail","Small",2.94689263612857
10712,"Bricks and Gears","Classic",244,19.99,36.78,2018,"Ages_5-99",124,NA,"Box","0.4Kg (0.88 lb)",94,"Retail","Small",2.94905938142508
21145,"The Skull Arena","Minecraft",198,19.99,36.81,2018,"Ages_7-14",68,2,"Box","0.42Kg (0.93 lb)",68,"Retail","Small",2.94978080504724
41327,"Mia's Bedroom","Friends",86,9.99,36.9,2018,"Ages_6-12",48,1,"Box",NA,63,"Retail","Small",2.9519426094734
75209,"Han Solo's Landspeeder","Star Wars",345,29.99,36.9,2018,"Ages_7-12",96,2,"Box","0.42Kg (0.93 lb)",126,"Retail","Small",2.9519426094734
41609,"Chewbacca","Star Wars",149,9.99,36.95,2018,"Ages_10+",40,NA,"Box",NA,52,"Retail","Small",2.95314201748586
10867,"Farmers' Market","DUPLO",26,19.99,36.99,2018,"Ages_2-5",9,3,"Box",NA,18,NA,"Large",2.95410072615799
75226,"Inferno Squad Battle Pack","Star Wars",118,14.99,36.99,2019,"Ages_6+",40,4,"Box","0.12Kg (0.26 lb)",52,"Retail","Small",2.95410072615799
76134,"Spider-Man: Doc Ock Diamond Heist","Marvel",150,29.99,36.99,2019,"Ages_4+",96,3,"Box","0.53Kg (1.17 lb)",98,"Retail","Small",2.95410072615799
76111,"Batman: Brother Eye Takedown","Batman",269,29.99,37,2018,"Ages_6-12",76,3,"Box","0.46Kg (1.01 lb)",103,"Retail","Small",2.95434028992534
76118,"Mr. Freeze Batcycle Battle","Batman",200,19.99,37.03,2019,"Ages_6+",68,3,"Box","0.3Kg (0.66 lb)",97,"Retail","Small",2.95505870939911
31075,"Outback Adventures","Creator 3-in-1",225,19.99,37.15,2018,"Ages_7-12",148,1,"Box","0.39Kg (0.87 lb)",103,"Retail","Small",2.95792831983354
75206,"Jedi and Clone Troopers Battle Pack","Star Wars",102,14.99,37.5,2018,"Ages_6-12",32,3,"Box","0.13Kg (0.29 lb)",54,"Retail","Small",2.96626112679562
41159,"Cinderella's Carriage Ride","Disney",91,NA,37.75,2019,"Ages_4+",48,1,NA,"0.24Kg (0.53 lb)",58,NA,"Small",2.9721798585572
75886,"Ferrari 488 GT3 Scuderia Corsa","Speed Champions",179,14.99,37.88,2018,"Ages_7-14",56,1,"Box","0.22Kg (0.48 lb)",78,"Retail","Small",2.9752467611891
70918,"The Bat-Dune Buggy","DC",198,19.99,37.89,2018,"Ages_7-14",64,2,"Box",NA,92,"Retail","Small",2.97548237142391
60179,"Ambulance Helicopter","City",190,19.99,37.95,2018,"Ages_5-12",84,3,"Box","0.41Kg (0.9 lb)",108,"Retail","Small",2.97689511951435
70820,"LEGO Movie Maker","THE LEGO MOVIE 2",482,49.99,37.99,2019,"Ages_8+",96,6,"Box","0.76Kg (1.67 lb)",243,"Retail","Small",2.97783608317574
41351,"Creative Tuning Shop","Friends",413,39.99,37.99,2018,"Ages_6-12",108,2,"Box","0.67Kg (1.48 lb)",217,"Retail","Small",2.97783608317574
75972,"Dorado Showdown","Overwatch",419,29.99,37.99,2019,"Ages_8+",124,3,"Box","0.6Kg (1.32 lb)",168,"Retail","Small",2.97783608317574
41620,"Stormtrooper","Star Wars",124,9.99,38.75,2018,"Ages_10+",32,NA,"Box",NA,51,"Retail","Small",2.99558406748464
70664,"Spinjitzu Lloyd vs. Garmadon","NINJAGO",208,19.99,38.75,2019,"Ages_7+",52,2,"Box","0.23Kg (0.51 lb)",44,"Retail","Small",2.99558406748464
70919,"The Justice League Anniversary Party",NA,267,29.99,38.95,2018,"Ages_7-14",72,4,"Box",NA,110,"Retail",NA,3.00021403671568
42071,"Dozer Compactor","Technic",171,19.99,38.95,2018,"Ages_8-14",100,NA,"Box","0.33Kg (0.73 lb)",62,"Retail","Small",3.00021403671568
75958,"Beauxbatons' Carriage: Arrival at Hogwarts","Harry Potter",430,49.99,38.99,2019,"Ages_8+",84,4,"Box",NA,160,"Retail","Small",3.00113803248914
75213,"Star Wars Advent Calendar","Star Wars",307,39.99,39.88,2018,"Ages_6-14",4,7,"Box",NA,186,"Retail","Small",3.02152745561482
10862,"My First Celebration","DUPLO",41,14.99,39.89,2018,"Ages_1½-3",9,NA,"Box",NA,18,NA,"Large",3.02175473211789
76099,"Rhino Face-Off by the Mine","Marvel",229,19.99,39.9,2018,"Ages_6-12",88,3,"Box",NA,100,"Retail","Small",3.02198196874139
76164,"Iron Man Hulkbuster versus A.I.M. Agent","Marvel",456,39.99,39.95,2020,"Ages_8+",80,4,"Box",NA,143,"Retail","Small",3.0231175542596
70920,"Egghead Mech Food Fight",NA,293,29.99,39.95,2018,"Ages_7-14",84,3,"Box",NA,131,"Retail",NA,3.0231175542596
75977,"Junkrat & Roadhog","Overwatch",380,49.99,39.95,2019,"Ages_10+",92,2,"Box",NA,168,"Retail","Small",3.0231175542596
41423,"Tiger Hot Air Balloon Jungle Rescue","Friends",302,39.99,39.95,2020,"Ages_7+",116,2,"Box",NA,145,"Retail","Small",3.0231175542596
76143,"Avengers Truck Take-down","Marvel",477,39.99,39.95,2020,"Ages_7+",116,4,"Box",NA,164,"Retail","Small",3.0231175542596
60264,"Ocean Exploration Submarine","City",286,39.99,39.95,2020,"Ages_5+",141,4,"Box","0.52Kg (1.15 lb)",131,"Retail","Small",3.0231175542596
31105,"Townhouse Toy Store","Creator 3-in-1",554,39.99,39.95,2020,"Ages_8+",268,2,"Box","0.88Kg (1.94 lb)",194,"Retail","Small",3.0231175542596
31107,"Space Rover Explorer","Creator 3-in-1",510,39.99,39.95,2020,"Ages_8+",276,1,"Box",NA,206,"Retail","Small",3.0231175542596
31093,"Riverside Houseboat","Creator 3-in-1",396,39.99,39.98,2019,"Ages_7+",200,2,"Box","0.67Kg (1.48 lb)",157,"Retail","Small",3.0237984281013
41604,"Iron Man MK50","BrickHeadz",101,9.99,39.99,2018,"Ages_10+",32,NA,"Box",NA,41,"Retail","Small",3.02402530657185
75247,"Rebel A-wing Starfighter","Star Wars",62,14.99,39.99,2019,"Ages_4+",36,2,"Box","0.18Kg (0.4 lb)",44,"Retail","Small",3.02402530657185
41156,"Rapunzel's Castle Bedroom","Disney",156,19.99,39.99,2018,"Ages_5-12",56,1,"Box",NA,93,"Retail","Small",3.02402530657185
10755,"Zane's Ninja Boat Pursuit","Juniors",131,19.99,39.99,2018,"Ages_4-7",64,2,"Box",NA,78,"Retail","Small",3.02402530657185
41372,"Stephanie's Gymnastics Show","Friends",241,29.99,39.99,2019,"Ages_6+",76,2,"Box",NA,114,"Retail","Small",3.02402530657185
21163,"The Redstone Battle","Minecraft",504,39.99,39.99,2020,"Ages_8+",88,4,"Box",NA,133,"Retail","Small",3.02402530657185
42105,"Catamaran","Technic",404,49.99,39.99,2020,"Ages_8+",100,NA,"Box",NA,74,"Retail","Small",3.02402530657185
76115,"Spider Mech vs. Venom","Marvel",604,49.99,39.99,2019,"Ages_8+",104,4,"Box","0.78Kg (1.72 lb)",203,"Retail","Small",3.02402530657185
75250,"Pasaana Speeder Chase","Star Wars",373,39.99,39.99,2019,"Ages_8+",116,4,"Box",NA,177,"Retail","Small",3.02402530657185
41164,"Enchanted Tree House","LEGO Frozen 2",302,49.99,39.99,2019,"Ages_6+",120,3,"Box",NA,174,"Retail","Small",3.02402530657185
41255,"Pop Village Celebration","Trolls World Tour",380,49.99,39.99,2020,"Ages_6+",120,5,"Box",NA,205,"Retail","Small",3.02402530657185
70432,"Haunted Fairground","Hidden Side",466,49.99,39.99,2020,"Ages_8+",124,5,"Box",NA,212,"Retail","Small",3.02402530657185
70422,"Shrimp Shack Attack","Hidden Side",578,49.99,39.99,2019,"Ages_8+",128,5,"Box",NA,293,"Retail","Small",3.02402530657185
70435,"Newbury Abandoned Prison","Hidden Side",400,39.99,39.99,2020,"Ages_7+",132,4,"Box",NA,164,"Retail","Small",3.02402530657185
71376,"Thwomp Drop","LEGO Super Mario",393,39.99,39.99,2020,"Ages_8+",NA,NA,"Box",NA,159,"Retail - limited","Small",3.02402530657185
75894,"1967 Mini Cooper S Rally and 2018 MINI John Cooper Works Buggy","Speed Champions",481,49.99,40,2019,"Ages_8+",64,4,"Box","0.7Kg (1.54 lb)",187,"Retail","Small",3.02425214533222
76096,"Superman & Krypto Team-Up","DC",199,19.99,40,2018,"Ages_6-12",76,2,"Box",NA,110,"Retail","Small",3.02425214533222
75242,"Black Ace TIE Interceptor","Star Wars",396,49.99,40,2019,"Ages_8+",84,3,"Box",NA,161,"Retail","Small",3.02425214533222
41374,"Andrea's Pool Party","Friends",468,49.99,40,2019,"Ages_6+",112,2,"Box",NA,221,"Retail","Small",3.02425214533222
60232,"Garage Centre","City",234,49.99,40,2019,"Ages_4+",116,4,"Box","0.62Kg (1.37 lb)",62,"Retail","Small",3.02425214533222
75254,"AT-ST Raider","Star Wars",540,49.99,40,2019,"Ages_8+",120,4,"Box",NA,211,"Retail","Small",3.02425214533222
70675,"Katana 4X4","NINJAGO",450,49.99,40,2019,"Ages_8+",128,5,"Box",NA,185,"Retail","Small",3.02425214533222
76120,"Batwing and The Riddler Heist","Batman",489,49.99,40,2019,"Ages_7+",132,4,"Box",NA,212,"Retail","Small",3.02425214533222
31095,"Fairground Carousel","Creator 3-in-1",595,49.99,40,2019,"Ages_8+",236,3,"Box",NA,223,"Retail","Small",3.02425214533222
41330,"Stephanie's Soccer Practice","Friends",119,14.99,40.4,2018,"Ages_6-12",48,1,"Box",NA,78,"Retail","Small",3.03329332585799
41332,"Emma's Art Stand","Friends",210,19.99,40.99,2018,"Ages_6-12",60,1,"Box","0.32Kg (0.7 lb)",107,"Retail","Small",3.04651538379288
76138,"Batman and The Joker Escape","Batman",171,39.99,40.99,2019,"Ages_4+",72,4,"Box",NA,119,"Retail","Small",3.04651538379288
76104,"The Hulkbuster Smash-Up","Marvel",375,29.99,41,2018,"Ages_7-14",84,4,"Box","0.49Kg (1.08 lb)",143,"Retail","Small",3.04673833489958
75262,"Imperial Dropship – 20th Anniversary Edition","Star Wars",125,19.99,41.39,2019,"Ages_6+",60,3,"Box",NA,57,"Retail","Small",3.05540389496134
10757,"Raptor Rescue Truck","Juniors",85,24.99,41.88,2018,"Ages_4-7",56,2,"Box","0.31Kg (0.68 lb)",56,"Retail","Small",3.06621074982931
10899,"Frozen Ice Castle","Disney",59,49.99,41.99,2019,"Ages_2+",28,3,"Box",NA,31,"Retail","Small",3.06862460069616
70651,"Throne Room Showdown","NINJAGO",221,19.99,41.99,2018,"Ages_6-14",68,5,"Box","0.34Kg (0.75 lb)",111,"Retail","Small",3.06862460069616
31104,"Monster Burger Truck","Creator 3-in-1",499,49.99,42.79,2020,"Ages_8+",248,2,"Box",NA,183,"Retail","Small",3.0860480654034
42072,"WHACK!","Technic",135,19.99,42.99,2018,"Ages_7-14",123,NA,"Box","0.3Kg (0.66 lb)",41,"Retail","Small",3.09036825181179
60257,"Service Station","City",354,49.99,42.99,2020,"Ages_5+",193,4,"Box","0.7Kg (1.55 lb)",179,"Retail","Small",3.09036825181179
41618,"Anna & Olaf","BrickHeadz",201,14.99,43.72,2018,"Ages_10+",56,NA,"Box",NA,78,"Retail","Small",3.10601855612564
41334,"Andrea's Park Performance","Friends",229,24.99,43.79,2018,"Ages_6-12",80,3,"Box",NA,126,"Retail","Small",3.10750963277165
41598,"The Flash","DC",122,9.99,43.95,2018,"Ages_10+",40,NA,"Box",NA,47,"Retail","Small",3.11091155342382
75964,"Harry Potter Advent Calendar","Harry Potter",305,39.99,43.99,2019,"Ages_7+",3,8,"Box",NA,151,"Retail","Small",3.11176067863955
75537,"Darth Maul","Star Wars",104,29.99,43.99,2018,"Ages_8-14",52,NA,"Box",NA,43,"Retail","Small",3.11176067863955
41329,"Olivia's Deluxe Bedroom","Friends",163,14.99,44.42,2018,"Ages_6-12",60,1,"Box",NA,100,"Retail","Small",3.12085482148284
75215,"Cloud-Rider Swoop Bikes","Star Wars",355,29.99,44.69,2018,"Ages_8-14",92,3,"Box","0.37Kg (0.81 lb)",148,NA,"Small",3.12653364400478
75237,"TIE Fighter Attack","Star Wars",77,19.99,44.7,2019,"Ages_4+",40,2,"Box","0.26Kg (0.57 lb)",50,"Retail","Small",3.12674350899561
75228,"Escape Pod vs. Dewback Microfighters","Star Wars",177,19.99,44.89,2019,"Ages_6+",64,3,"Box","0.2Kg (0.44 lb)",79,"Retail","Small",3.13072471421199
70650,"Destiny's Wing","NINJAGO",181,19.99,44.92,2018,"Ages_6-14",76,2,"Box","0.33Kg (0.73 lb)",100,"Retail","Small",3.13135224672012
10889,"Mickey's Vacation House","Disney",57,49.99,44.99,2019,"Ages_2+",28,3,"Box","0.99Kg (2.17 lb)",37,"Retail","Small",3.13281534919706
10903,"Fire Station","DUPLO",76,49.99,44.99,2019,"Ages_2+",34,2,NA,"1.14Kg (2.51 lb)",47,NA,"Large",3.13281534919706
71711,"Jay's Cyber Dragon","NINJAGO",518,49.99,44.99,2020,"Ages_8+",84,5,"Box",NA,189,"Retail","Small",3.13281534919706
76129,"Hydro-Man Attack","Marvel",471,39.99,44.99,2019,"Ages_7+",96,4,"Box",NA,170,"Retail","Small",3.13281534919706
42089,"Power Boat","Technic",174,14.99,44.99,2019,"Ages_8+",98,NA,"Box","0.26Kg (0.57 lb)",56,"Retail","Small",3.13281534919706
71699,"Thunder Raider","NINJAGO",576,49.99,44.99,2020,"Ages_8+",148,5,"Box",NA,191,"Retail","Small",3.13281534919706
60244,"Police Helicopter Transport","City",317,49.99,44.99,2020,"Ages_5+",156,4,"Box","0.72Kg (1.58 lb)",161,"Retail","Small",3.13281534919706
70431,"The Lighthouse of Darkness","Hidden Side",540,49.99,44.99,2020,"Ages_8+",156,5,"Box",NA,240,"Retail","Small",3.13281534919706
75973,"D.Va & Reinhardt","Overwatch",455,39.99,45.17,2019,"Ages_10+",108,2,"Box","0.59Kg (1.3 lb)",161,"Retail","Small",3.13657030965505
21152,"Pirate Ship","Minecraft",386,39.99,45.46,2019,"Ages_8+",116,3,"Box","0.75Kg (1.65 lb)",143,"Retail","Small",3.14259799738955
70837,"Shimmer & Shine Sparkle Spa!","THE LEGO MOVIE 2",694,69.99,45.49,2019,"Ages_7+",128,8,"Box",NA,209,"Retail","Small",3.14322001348592
31077,"Modular Sweet Surprises","Creator 3-in-1",396,39.99,45.65,2018,"Ages_8-12",184,3,"Box","0.72Kg (1.58 lb)",187,"Retail","Small",3.14653259201679
10753,"The Joker Batcave Attack","Batman",151,24.99,45.95,2018,"Ages_4-7",76,3,"Box","0.41Kg (0.9 lb)",94,"Retail","Small",3.15272183593745
41333,"Olivia's Mission Vehicle","Friends",223,19.99,45.95,2018,"Ages_6-12",84,1,"Box","0.32Kg (0.7 lb)",106,"Retail","Small",3.15272183593745
31080,"Modular Winter Vacation","Creator 3-in-1",374,34.99,46,2018,"Ages_7-12",200,2,"Box",NA,142,"Retail","Small",3.1537506243593
10877,"Belle's Tea Party","Disney",19,19.99,46.44,2018,"Ages_2-5",8,1,"Box","0.27Kg (0.59 lb)",16,NA,"Small",3.1627703831553
70849,"Wyld-Mayhem Star Fighter","THE LEGO MOVIE 2",405,49.99,46.5,2019,"Ages_8+",132,4,"Box",NA,157,"Retail","Small",3.16399570921577
10764,"City Central Airport","Juniors",376,49.99,46.5,2018,"Ages_4-7",144,5,"Box","0.91Kg (2 lb)",170,"Retail","Small",3.16399570921577
10893,"Spider-Man vs. Electro","Marvel",29,19.99,46.75,2019,"Ages_2+",10,2,"Box","0.41Kg (0.9 lb)",22,"Retail","Small",3.16908935442055
75245,"Star Wars Advent Calendar","Star Wars",280,39.99,46.76,2019,"Ages_6+",2,9,"Box",NA,177,"Retail","Small",3.16929270322003
41349,"Drifting Diner","Friends",345,29.99,46.9,2018,"Ages_6-12",92,2,"Box","0.54Kg (1.19 lb)",182,"Retail","Small",3.17213639532605
10879,"Gentle Giants Petting Zoo","Jurassic World",24,19.99,46.95,2018,"Ages_2-5",13,1,"Box","0.37Kg (0.81 lb)",19,"Retail","Small",3.17315055955107
21043,"San Francisco","Architecture",565,49.99,46.99,2019,"Ages_12+",128,NA,"Box",NA,163,"Retail","Small",3.17396134672442
41160,"Ariel's Castle","Disney",115,24.99,47,2019,"Ages_4+",56,1,NA,"0.31Kg (0.68 lb)",74,NA,"Small",3.17416396802466
70423,"Paranormal Intercept Bus 3000","Hidden Side",689,59.99,47.23,2019,"Ages_8+",136,5,"Box",NA,272,"Retail","Small",3.17881595153981
75887,"Porsche 919 Hybrid","Speed Champions",163,14.99,47.95,2018,"Ages_7-14",60,1,"Box",NA,75,"Retail","Small",3.19327693025359
10881,"Mickey's Boat","Disney",28,29.99,47.99,2018,"Ages_2-5",24,2,"Box","0.58Kg (1.28 lb)",25,"Retail","Small",3.1940758487171
75935,"Baryonyx Face-Off: The Treasure Hunt","Jurassic World",434,59.99,47.99,2019,"Ages_7+",96,4,"Box",NA,211,"Retail","Small",3.1940758487171
76144,"Avengers Hulk Helicopter Rescue","Marvel",482,59.99,47.99,2019,"Ages_8+",100,4,"Box",NA,187,"Retail","Small",3.1940758487171
76125,"Iron Man Hall of Armour","Marvel",524,59.99,47.99,2019,"Ages_7+",104,5,"Box",NA,156,"Retail","Small",3.1940758487171
75947,"Hagrid's Hut: Buckbeak's Rescue","Harry Potter",496,59.99,47.99,2019,"Ages_8+",120,6,"Box",NA,208,"Retail","Small",3.1940758487171
41380,"Lighthouse Rescue Centre","Friends",602,59.99,47.99,2019,"Ages_6+",180,2,"Box",NA,273,"Retail","Small",3.1940758487171
31096,"Twin-Rotor Helicopter","Creator 3-in-1",569,59.99,47.99,2019,"Ages_9+",228,1,"Box",NA,200,"Retail","Small",3.1940758487171
75241,"Action Battle Echo Base Defence","Star Wars",504,59.99,48,2019,"Ages_8+",112,5,"Box",NA,192,"Retail","Small",3.19427550549515
41379,"Heartlake City Restaurant","Friends",624,59.99,48,2019,"Ages_6+",140,3,"Box",NA,201,"Retail","Small",3.19427550549515
60227,"Lunar Space Station","City",412,59.99,48,2019,"Ages_6+",172,5,"Box","0.9Kg (1.98 lb)",171,"Retail","Small",3.19427550549515
41344,"Andrea's Accessories Store","Friends",294,29.99,48.11,2018,"Ages_6-12",84,2,"Box","0.51Kg (1.12 lb)",128,"Retail","Small",3.1964698107624
75937,"Triceratops Rampage","Jurassic World",447,59.99,48.49,2019,"Ages_7+",112,4,"Box",NA,200,"Retail","Small",3.20402322308969
41394,"Heartlake City Hospital","Friends",379,49.99,48.53,2020,"Ages_6+",132,3,"Box",NA,154,"Retail","Small",3.20481590576864
76102,"Thor's Weapon Quest","Marvel",223,19.99,48.71,2018,"Ages_6-12",84,3,"Box","0.33Kg (0.73 lb)",112,"Retail","Small",3.208377328996
75193,"Millennium Falcon Microfighter","Star Wars",92,9.99,48.9,2018,"Ages_6-12",44,1,"Box","0.11Kg (0.25 lb)",48,"Retail","Small",3.21212662872148
41619,"Darth Vader","Star Wars",104,9.99,48.98,2018,"Ages_10+",40,NA,"Box",NA,41,"Retail","Small",3.21370223072267
72001,"Lance's Hover Jouster",NA,217,19.99,48.98,2018,"Ages_7-14",52,3,"Box",NA,85,"Retail - limited",NA,3.21370223072267
10880,"T. rex Tower","Jurassic World",22,29.99,48.99,2018,"Ages_2-5",14,1,"Box","0.61Kg (1.34 lb)",18,"Retail","Small",3.21389905428005
75200,"Ahch-To Island Training","Star Wars",241,29.99,48.99,2018,"Ages_7-12",84,2,"Box","0.39Kg (0.86 lb)",129,"Retail","Small",3.21389905428005
76114,"Spider-Man's Spider Crawler","Marvel",418,39.99,48.99,2019,"Ages_7+",84,4,"Box","0.5Kg (1.1 lb)",132,"Retail","Small",3.21389905428005
75210,"Moloch's Landspeeder","Star Wars",464,39.99,48.99,2018,"Ages_8-12",144,2,"Box","0.65Kg (1.43 lb)",163,"Retail","Small",3.21389905428005
10760,"Underminer's Bank Heist","Juniors",149,24.99,49.75,2018,"Ages_4-7",64,3,"Box",NA,99,"Retail","Small",3.22877606791386
41346,"Friendship Box","Friends",563,49.99,49.79,2018,"Ages_6-12",172,NA,"Box","0.98Kg (2.16 lb)",198,"Retail","Small",3.22955464911138
21044,"Paris","Architecture",649,49.99,49.84,2019,"Ages_12+",112,NA,"Box",NA,114,"Retail","Small",3.23052726013257
41342,"Emma's Deluxe Bedroom","Friends",183,14.99,49.92,2018,"Ages_6-12",68,1,"Box",NA,105,"Retail","Small",3.23208201808098
41157,"Rapunzel's Travelling Caravan","Disney",323,39.99,49.95,2018,"Ages_6-12",108,2,"Box","0.54Kg (1.19 lb)",171,"Retail","Small",3.23266460265271
43180,"Belle's Castle Winter Celebration","Disney",238,49.99,49.95,2020,"Ages_4+",108,6,"Box",NA,146,"Retail","Small",3.23266460265271
76159,"Joker's Trike Chase","Batman",440,49.99,49.95,2020,"Ages_7+",108,4,"Box",NA,181,"Retail","Small",3.23266460265271
10763,"Stephanie's Lakeside House","Friends",215,34.99,49.95,2018,"Ages_4-7",112,3,"Box",NA,142,"Retail","Small",3.23266460265271
75940,"Gallimimus and Pteranodon Breakout","Jurassic World",391,49.99,49.95,2020,"Ages_7+",112,3,"Box",NA,170,"Retail","Small",3.23266460265271
70667,"Kai's Blade Cycle & Zane's Snowmobile","NINJAGO",376,29.99,49.95,2019,"Ages_8+",128,4,"Box","0.51Kg (1.12 lb)",189,"Retail","Small",3.23266460265271
76899,"Lamborghini Urus ST-X & Huracán Super Trofeo EVO","Speed Champions",663,49.99,49.95,2020,"Ages_8+",144,2,"Box",NA,202,"Retail","Small",3.23266460265271
41428,"Beach House","Friends",444,49.99,49.95,2020,"Ages_6+",160,2,"Box",NA,216,"Retail","Small",3.23266460265271
71362,"Guarded Fortress","LEGO Super Mario",468,49.99,49.95,2020,"Ages_8+",NA,3,"Box",NA,192,"Retail","Small",3.23266460265271
10914,"Deluxe Brick Box","DUPLO",85,49.99,49.99,2020,"Ages_1½+",28,NA,"Tub",NA,58,"Retail","Large",3.23344100120201
21047,"Las Vegas","Architecture",501,39.99,49.99,2018,"Ages_12+",108,NA,"Box",NA,123,"Retail","Small",3.23344100120201
42106,"Stunt Show Truck & Bike","Technic",610,49.99,49.99,2020,"Ages_8+",120,NA,"Box",NA,109,"Retail","Small",3.23344100120201
42093,"Chevrolet Corvette ZR1","Technic",579,49.99,49.99,2019,"Ages_9+",233,NA,"Box","0.79Kg (1.74 lb)",105,"Retail","Small",3.23344100120201
75927,"Stygimoloch Breakout","Jurassic World",222,29.99,51.99,2018,"Ages_6-12",84,2,"Box","0.46Kg (1.01 lb)",91,"Retail","Small",3.27171861675642
10404,"Ocean's Bottom","Classic",579,29.99,52.47,2018,"Ages_5-99",57,2,"Box",NA,218,"Retail","Small",3.28075137304445
60245,"Police Monster Truck Heist","City",362,59.99,52.74,2020,"Ages_5+",200,5,"Box","0.85Kg (1.87 lb)",198,"Retail","Small",3.28580690277463
75229,"Death Star Escape","Star Wars",329,29.99,53.75,2019,"Ages_7+",84,4,"Box","0.44Kg (0.97 lb)",110,"Retail","Small",3.30455923096369
41335,"Mia's Tree House","Friends",351,29.99,53.88,2018,"Ages_6-12",120,2,"Box","0.61Kg (1.34 lb)",151,"Retail","Small",3.30695493073523
41368,"Andrea's Talent Show","Friends",492,49.99,53.94,2019,"Ages_7+",124,2,NA,"0.72Kg (1.59 lb)",184,NA,"Small",3.30805927377795
10874,"Steam Train","DUPLO",59,59.99,53.99,2018,"Ages_2-5",48,2,"Box","1.5Kg (3.3 lb)",38,"Retail","Large",3.30897890297385
75277,"Boba Fett","Star Wars",625,59.99,53.99,2020,"Ages_18+",116,NA,"Box",NA,172,NA,"Small",3.30897890297385
60217,"Fire Plane","City",363,59.99,53.99,2019,"Ages_6+",156,3,"Box","0.76Kg (1.68 lb)",151,"Retail - limited","Small",3.30897890297385
75888,"Porsche 911 RSR and 911 Turbo 3.0","Speed Champions",391,29.99,54.2,2018,"Ages_7-14",120,3,"Box","0.56Kg (1.23 lb)",166,"Retail","Small",3.31283484846885
41622,"Peter Venkman & Slimer","BrickHeadz",228,19.99,54.75,2018,"Ages_10+",77,NA,"Box",NA,90,"Retail","Small",3.32288443217864
60223,"Harvester Transport","City",358,29.99,54.8,2019,"Ages_5+",148,3,"Box","0.65Kg (1.43 lb)",166,"Retail","Small",3.32379452063681
75276,"Stormtrooper","Star Wars",647,59.99,54.99,2020,"Ages_18+",124,NA,"Box",NA,155,NA,"Small",3.32724756502414
75249,"Resistance Y-wing Starfighter","Star Wars",578,69.99,55.99,2019,"Ages_8+",76,5,"Box",NA,177,"Retail","Small",3.34528513134858
76130,"Stark Jet and the Drone Attack","Spider-Man",504,69.99,55.99,2019,"Ages_8+",96,4,"Box",NA,176,"Retail","Small",3.34528513134858
75953,"Hogwarts Whomping Willow","Harry Potter",753,69.99,55.99,2018,"Ages_8-14",148,6,"Box","1.1Kg (2.42 lb)",253,"Retail","Small",3.34528513134858
75240,"Major Vonreg's TIE Fighter","Star Wars",496,69.99,56,2019,"Ages_8+",92,4,"Box",NA,151,"Retail","Small",3.34546436385625
60215,"Fire Station","City",509,69.99,56,2019,"Ages_5+",184,4,"Box","1.17Kg (2.57 lb)",210,"Retail","Small",3.34546436385625
10864,"Large Playground Brick Box","DUPLO",71,49.99,56.69,2018,"Ages_2-5",32,2,"Plastic box","1.41Kg (3.11 lb)",49,NA,"Large",3.35777767366145
21051,"Tokyo","Architecture",547,59.99,56.78,2020,"Ages_16+",96,NA,"Box",NA,146,"Retail - limited","Small",3.35937600964504
75278,"D-O","Star Wars",519,69.99,57.09,2020,"Ages_10+",72,1,"Box",NA,149,NA,"Small",3.36486785196546
21052,"Dubai","Architecture",740,59.99,57.44,2020,"Ages_16+",112,NA,"Box",NA,127,"Retail - limited","Small",3.37104328786223
41365,"Emma's Art Studio","Friends",235,24.99,57.59,2019,"Ages_6+",60,2,"Box","0.42Kg (0.93 lb)",122,"Retail","Small",3.37368184117318
21316,"The Flintstones","Ideas",748,59.99,57.86,2019,"Ages_10+",180,4,"Box","1.04Kg (2.29 lb)",242,"Retail - limited","Small",3.37841913945644
76097,"Lex Luthor Mech Takedown","DC",406,39.99,57.99,2018,"Ages_7-14",84,5,"Box",NA,159,"Retail","Small",3.38069454329168
21160,"The Illager Raid","Minecraft",562,59.99,58.16,2020,"Ages_8+",96,5,"Box",NA,187,"Retail","Small",3.38366469004217
41352,"The Big Race Day","Friends",648,59.99,59.3,2018,"Ages_7-12",144,3,"Box","0.99Kg (2.18 lb)",252,"Retail","Small",3.40342675030468
41191,"Naida & The Water Turtle Ambush",NA,205,19.99,59.95,2018,"Ages_7-12",56,2,"Box",NA,103,"Retail",NA,3.41457578574723
76152,"Avengers Wrath of Loki","Marvel",223,59.99,59.95,2020,"Ages_4+",124,5,"Box",NA,137,"Retail","Small",3.41457578574723
60261,"Central Airport","City",286,59.99,59.95,2020,"Ages_4+",169,6,"Box","0.82Kg (1.81 lb)",168,"Retail","Small",3.41457578574723
10761,"The Great Home Escape","Juniors",178,29.99,59.98,2018,"Ages_4-7",76,4,"Box",NA,123,"Retail","Small",3.41508830953631
21039,"Shanghai","Architecture",597,59.99,59.98,2018,"Ages_12+",160,NA,"Box","0.66Kg (1.45 lb)",144,"Retail","Small",3.41508830953631
10906,"Tropical Island","DUPLO",73,59.99,59.99,2019,"Ages_2+",40,3,"Box",NA,44,"Retail","Large",3.41525911092253
10929,"Modular Playhouse","DUPLO",129,59.99,59.99,2020,"Ages_2+",84,3,"Box",NA,56,"Retail","Large",3.41525911092253
76165,"Iron Man","Marvel",480,59.99,59.99,2020,"Ages_18+",132,NA,"Box",NA,123,"Retail","Small",3.41525911092253
70436,"Phantom Fire Truck 3000","Hidden Side",760,59.99,59.99,2020,"Ages_9+",148,6,"Box",NA,263,"Retail","Small",3.41525911092253
76117,"Batman Mech vs. Poison Ivy Mech","Batman",375,39.99,61.94,2019,"Ages_7+",92,4,"Box","0.55Kg (1.21 lb)",173,"Retail","Small",3.44819136780038
31085,"Mobile Stunt Show","Creator 3-in-1",581,49.99,61.99,2018,"Ages_8-12",224,2,"Box",NA,212,"Retail","Small",3.44902617993888
21138,"The Melon Farm","Minecraft",69,14.99,62.75,2018,"Ages_6-14",44,3,"Box",NA,47,"Retail","Small",3.46165768276576
41369,"Mia's House","Friends",715,69.99,62.99,2019,"Ages_6+",192,3,NA,"1.12Kg (2.47 lb)",274,NA,"Small",3.46562431912105
41616,"Hermione Granger","BrickHeadz",127,9.99,63.49,2018,"Ages_10+",40,NA,"Box",NA,50,"Retail","Small",3.47385429007159
75952,"Newt's Case of Magical Creatures",NA,694,49.99,63.49,2018,"Ages_8-14",132,4,"Box","0.85Kg (1.87 lb)",241,"Retail",NA,3.47385429007159
70639,"Street Race of Snake Jaguar","NINJAGO",308,29.99,63.93,2018,"Ages_7-14",112,2,"Box","0.44Kg (0.97 lb)",130,"Retail","Small",3.48105921789822
75216,"Snoke's Throne Room","Star Wars",492,69.99,63.95,2018,"Ages_8-14",104,4,"Box","0.82Kg (1.81 lb)",166,"Retail","Small",3.48138588876896
43172,"Elsa's Ice Palace","LEGO Frozen 2",701,79.99,63.99,2019,"Ages_6+",180,4,NA,NA,234,NA,"Small",3.48203901602654
41167,"Arendelle Castle","LEGO Frozen 2",521,79.99,63.99,2019,"Ages_5+",192,3,"Box",NA,231,"Retail","Small",3.48203901602654
75208,"Yoda's Hut","Star Wars",229,29.99,64.75,2018,"Ages_7-12",72,3,"Box","0.38Kg (0.84 lb)",139,"Retail - limited","Small",3.49439448949454
60172,"Dirt Road Pursuit","City",297,39.99,64.75,2018,"Ages_5-12",116,3,"Box","0.6Kg (1.32 lb)",140,"Retail","Small",3.49439448949454
70829,"Emmet and Lucy's Escape Buggy!","THE LEGO MOVIE 2",550,49.99,64.95,2019,"Ages_8+",124,4,"Box","0.78Kg (1.72 lb)",199,"Retail","Small",3.4976290439633
31083,"Cruising Adventures","Creator 3-in-1",597,59.99,64.97,2018,"Ages_9-14",216,3,"Box","1.19Kg (2.62 lb)",246,"Retail","Small",3.49795211575563
76100,"Royal Talon Fighter Attack","Marvel",358,29.99,64.99,2018,"Ages_7-14",100,4,"Box",NA,119,"Retail","Small",3.49827511793864
60182,"Pickup & Caravan","City",344,29.99,65.99,2018,"Ages_5-12",140,3,"Box","0.65Kg (1.43 lb)",188,"Retail","Small",3.51433727182043
60193,"Arctic Air Transport","City",277,39.99,66.4,2018,"Ages_6-12",112,2,"Box","0.59Kg (1.3 lb)",113,"Retail","Small",3.52087351658537
75974,"Bastion","Overwatch",602,49.99,66.95,2019,"Ages_10+",116,NA,"Box","0.77Kg (1.7 lb)",168,"Retail","Small",3.52959742891361
41161,"Aladdin's and Jasmine's Palace Adventures","Disney",193,29.99,67.22,2019,"Ages_5+",76,2,NA,"0.38Kg (0.84 lb)",114,NA,"Small",3.53386172715059
21142,"The Polar Igloo","Minecraft",278,29.99,67.39,2018,"Ages_8+",84,2,"Box","0.56Kg (1.23 lb)",95,"Retail","Small",3.53654050798741
75975,"Watchpoint: Gibraltar","Overwatch",730,89.99,67.76,2019,"Ages_9+",192,4,"Box","1.39Kg (3.06 lb)",287,"Retail","Small",3.54235448601736
41455,"Unikingdom Creative Brick Box","Unikitty!",433,39.99,67.95,2018,"Ages_5-12",172,17,"Box","1.03Kg (2.27 lb)",220,"Retail","Small",3.54533140987169
75928,"Blue's Helicopter Pursuit","Jurassic World",397,39.99,67.97,2018,"Ages_7-12",112,3,"Box","0.63Kg (1.39 lb)",177,"Retail","Small",3.54564443117338
41338,"Stephanie's Sports Arena","Friends",460,44.99,68.7,2018,"Ages_6-12",108,2,"Box","0.76Kg (1.67 lb)",188,"Retail","Small",3.55702584810925
72005,"Aaron's X-bow",NA,569,49.99,68.87,2018,"Ages_8-14",152,4,"Box",NA,185,"Retail",NA,3.55966415121374
42107,"Ducati Panigale V4 R","Technic",646,69.99,69.95,2020,"Ages_10+",128,NA,"Box",NA,128,"Retail","Small",3.57631954068306
60183,"Heavy Cargo Transport","City",310,29.99,69.95,2018,"Ages_5-12",128,2,"Box","0.59Kg (1.3 lb)",161,"Retail","Small",3.57631954068306
41429,"Heartlake City Airplane","Friends",574,69.99,69.95,2020,"Ages_7+",164,NA,"Box",NA,238,"Retail","Small",3.57631954068306
75968,"4 Privet Drive","Harry Potter",797,69.99,69.95,2020,"Ages_8+",184,6,"Box",NA,255,"Retail","Small",3.57631954068306
41395,"Friendship Bus","Friends",778,69.99,69.95,2020,"Ages_8+",236,3,"Box",NA,286,"Retail","Small",3.57631954068306
31108,"Caravan Family Holiday","Creator 3-in-1",766,69.99,69.95,2020,"Ages_9+",276,3,"Box","1.37Kg (3.02 lb)",328,"Retail","Small",3.57631954068306
72002,"Twinfector",NA,191,19.99,69.99,2018,"Ages_7-14",44,3,"Box",NA,73,"Retail",NA,3.57693293951034
60202,"People Pack - Outdoor Adventures","City",164,39.99,69.99,2018,"Ages_5-12",64,15,"Box","0.29Kg (0.64 lb)",128,"Retail","Small",3.57693293951034
41610,"Tactical Batman & Superman","BrickHeadz",209,19.99,69.99,2018,"Ages_10+",69,NA,"Box",NA,72,NA,"Small",3.57693293951034
60186,"Mining Heavy Driller","City",294,49.99,69.99,2018,"Ages_5-12",124,3,"Box","0.78Kg (1.71 lb)",139,"Retail","Small",3.57693293951034
75284,"Knights of Ren Transport Ship","Star Wars",595,69.99,69.99,2020,"Ages_9+",136,3,"Box",NA,182,"Retail","Small",3.57693293951034
21161,"The Crafting Box 3.0","Minecraft",564,69.99,69.99,2020,"Ages_8+",180,4,"Box",NA,128,"Retail","Small",3.57693293951034
21143,"The Nether Portal","Minecraft",470,39.99,70.09,2018,"Ages_8+",112,3,"Box","0.7Kg (1.54 lb)",146,"Retail","Small",3.5784653637128
10758,"T. Rex Breakout","Juniors",150,49.99,70.78,2018,"Ages_4-7",76,3,"Box","0.67Kg (1.48 lb)",98,"Retail","Small",3.58899759648241
75205,"Mos Eisley Cantina","Star Wars",376,39.99,72.47,2018,"Ages_8-14",80,4,"Box",NA,140,"Retail - limited","Small",3.61449375226314
70640,"S.O.G. Headquarters","NINJAGO",530,39.99,72.98,2018,"Ages_8-14",96,5,"Box",NA,246,"Retail","Small",3.62210601691662
75201,"First Order AT-ST","Star Wars",370,39.99,73.99,2018,"Ages_8-14",80,4,"Box",NA,157,"Retail","Small",3.63707208124029
60194,"Arctic Scout Truck","City",322,59.99,74.49,2018,"Ages_7-12",100,3,"Box","0.72Kg (1.59 lb)",148,"Retail","Small",3.64442814799249
10876,"Spider-Man & Hulk Adventures","DUPLO",38,29.99,74.5,2018,"Ages_2-5",20,3,"Box","0.54Kg (1.19 lb)",29,NA,"Large",3.64457491629387
75199,"General Grievous' Combat Speeder","Star Wars",157,29.99,74.9,2018,"Ages_7-12",60,2,"Box","0.3Kg (0.66 lb)",76,"Retail","Small",3.65043437424798
31079,"Sunshine Surfer Van","Creator 3-in-1",379,34.99,74.94,2018,"Ages_8-12",184,2,"Box","0.6Kg (1.32 lb)",160,"Retail","Small",3.65101911426236
21139,"The Nether Fight","Minecraft",84,14.99,74.99,2018,"Ages_6-14",40,3,"Box",NA,48,"Retail","Small",3.65174973212664
42074,"Racing Yacht","Technic",330,39.99,75.99,2018,"Ages_8-14",156,NA,NA,"0.61Kg (1.34 lb)",83,NA,"Small",3.66629100538405
41623,"Ariel & Ursula","BrickHeadz",361,19.99,77.42,2018,"Ages_10+",121,NA,"Box",NA,121,"Retail","Small",3.68685408725503
75534,"Darth Vader","Star Wars",168,39.99,77.97,2018,"Ages_9-14",56,NA,"Box",NA,61,"Retail","Small",3.69469217053559
70921,"Harley Quinn Cannonball Attack",NA,425,49.99,78.94,2018,"Ages_7-14",132,4,"Box",NA,200,"Retail",NA,3.70842189564389
21314,"TRON: Legacy","Ideas",230,34.99,78.95,2018,"Ages_10+",68,3,"Box",NA,73,"Retail - limited","Small",3.70856282258152
75261,"Clone Scout Walker – 20th Anniversary Edition","Star Wars",250,29.99,79.5,2019,"Ages_6+",80,5,"Box",NA,109,"Retail","Small",3.71629463677084
75286,"General Grievous's Starfighter","Star Wars",487,79.99,79.95,2020,"Ages_9+",96,NA,"Box",NA,139,"Retail","Small",3.72259286341743
75272,"Sith TIE Fighter","Star Wars",470,79.99,79.95,2020,"Ages_9+",104,3,"Box",NA,127,"Retail","Small",3.72259286341743
76151,"Venomosaurus Ambush","Marvel",640,79.99,79.95,2020,"Ages_8+",148,5,"Box",NA,242,"Retail","Small",3.72259286341743
60265,"Ocean Exploration Base","City",497,79.99,79.95,2020,"Ages_6+",165,5,"Box",NA,180,"Retail","Small",3.72259286341743
41424,"Jungle Rescue Base","Friends",648,79.99,79.95,2020,"Ages_8+",176,3,"Box",NA,251,"Retail","Small",3.72259286341743
76131,"Avengers Compound Battle","Marvel",699,99.99,79.99,2019,"Ages_8+",168,7,"Box",NA,292,"Retail","Small",3.72315150374568
41433,"Party Boat","Friends",640,79.99,79.99,2020,"Ages_7+",184,3,"Box",NA,270,"Retail","Small",3.72315150374568
42095,"Remote-Controlled Stunt Racer","Technic",324,99.99,80.99,2019,"Ages_9+",72,NA,"Box","0.79Kg (1.74 lb)",78,"Retail","Small",3.73705439831641
60233,"Donut Shop Opening","City",790,89.99,80.99,2019,"Ages_6+",320,10,"Box","1.4Kg (3.09 lb)",368,"Retail","Small",3.73705439831641
21041,"Great Wall of China","Architecture",551,49.99,82.59,2018,"Ages_12+",112,NA,"Box","0.81Kg (1.78 lb)",81,"Retail - limited","Small",3.75905118952623
41153,"Ariel's Royal Celebration Boat","Disney",380,49.99,82.75,2018,"Ages_6-12",108,2,"Box","0.65Kg (1.43 lb)",156,"Retail","Small",3.76123441083598
60173,"Mountain Arrest","City",303,59.99,82.99,2018,"Ages_5-12",136,4,"Box","0.76Kg (1.67 lb)",168,"Retail","Small",3.76450370906982
31081,"Modular Skate House","Creator 3-in-1",422,39.99,83.49,2018,"Ages_8-12",196,2,"Box","0.81Kg (1.78 lb)",169,"Retail","Small",3.77129354978147
41615,"Harry Potter & Hedwig","BrickHeadz",180,14.99,83.85,2018,"Ages_10+",60,NA,"Box",NA,73,"Retail","Small",3.77616463038257
10868,"Farm Pony Stable","DUPLO",59,29.99,83.94,2018,"Ages_2-5",25,2,"Box",NA,31,NA,"Large",3.77738011238897
42075,"First Responder","Technic",513,49.99,84.75,2018,"Ages_9-16",212,NA,"Box","0.86Kg (1.89 lb)",106,NA,"Small",3.78827861216946
60210,"Air Base","City",529,89.99,84.96,2019,"Ages_6+",260,6,"Box","1.22Kg (2.69 lb)",270,"Retail","Small",3.79109223885847
72003,"Berserker Bomber",NA,369,29.99,85,2018,"Ages_8-14",84,3,"Box",NA,145,"Retail",NA,3.79162761565174
41336,"Emma's Art Café","Friends",378,32.99,85.49,2018,"Ages_6-12",112,2,"Box","0.6Kg (1.32 lb)",166,"Retail","Small",3.7981717138215
70831,"Emmet's Dream House/Rescue Rocket!","THE LEGO MOVIE 2",706,69.99,86.89,2019,"Ages_8+",260,4,"Box","1.14Kg (2.51 lb)",197,"Retail","Small",3.8167256114287
60209,"Diamond Heist","City",400,59.99,86.95,2019,"Ages_6+",160,4,"Box","0.8Kg (1.76 lb)",191,"Retail","Small",3.81751608747302
75234,"AT-AP Walker","Star Wars",689,59.99,87.99,2019,"Ages_9+",140,4,"Box","0.98Kg (2.16 lb)",214,"Retail","Small",3.8311574028518
75259,"Snowspeeder – 20th Anniversary Edition","Star Wars",309,39.99,89,2019,"Ages_7+",116,4,"Box",NA,159,"Retail","Small",3.84429761327621
41597,"Go Brick Me","BrickHeadz",708,29.99,89.74,2018,"Ages_10+",84,NA,"Box",NA,160,"Retail","Small",3.85385898538343
75273,"Poe Dameron's X-wing Fighter","Star Wars",761,89.99,89.95,2020,"Ages_9+",124,4,"Box",NA,219,"Retail","Small",3.85656228963839
75938,"T. rex vs Dino-Mech Battle","Jurassic World",716,89.99,89.95,2019,"Ages_8+",176,4,"Box",NA,254,"Retail","Small",3.85656228963839
76166,"Avengers Tower Battle","Marvel",685,89.99,89.99,2020,"Ages_8+",136,7,"Box",NA,250,"Retail","Small",3.85707670371702
76160,"Mobile Bat Base","DC",743,89.99,89.99,2020,"Ages_8+",140,6,"Box",NA,275,"Retail","Small",3.85707670371702
21317,"Steamboat Willie","Ideas",751,89.99,89.99,2019,"Ages_10+",176,2,"Box",NA,202,"Retail - limited","Small",3.85707670371702
76107,"Thanos: Ultimate Battle","Marvel",674,69.99,92.84,2018,"Ages_8-14",116,4,"Box","1.02Kg (2.25 lb)",190,"Retail","Small",3.89332393363069
70652,"Stormbringer","NINJAGO",493,39.99,93.99,2018,"Ages_8-14",108,4,"Box","0.68Kg (1.5 lb)",182,"Retail","Small",3.90772951287801
71360,"Adventures with Mario","LEGO Super Mario",231,59.99,93.99,2020,"Ages_6+",NA,3,"Box",NA,114,"Retail","Small",3.90772951287801
41192,"Azari & The Fire Lion Capture",NA,360,29.99,94,2018,"Ages_8-12",100,3,"Box",NA,147,"Retail",NA,3.90785423627429
41162,"Ariel, Aurora, and Tiana's Royal Celebration","Disney",282,39.99,94.49,2019,"Ages_5+",108,3,NA,NA,131,NA,"Small",3.91395433822911
70658,"Oni Titan","NINJAGO",522,49.99,94.8,2018,"Ages_8-14",96,4,"Box","0.76Kg (1.67 lb)",183,NA,"Small",3.917802158752
75533,"Boba Fett","Star Wars",144,29.99,94.95,2018,"Ages_8-14",48,NA,"Box",NA,67,"Retail","Small",3.91966084598292
70669,"Cole's Earth Driller","NINJAGO",587,49.99,94.99,2019,"Ages_8+",132,4,"Box","0.95Kg (2.09 lb)",216,"Retail","Small",3.92015614873748
10907,"World Animals","DUPLO",121,99.99,95.65,2019,"Ages_2+",48,6,"Box",NA,75,"Retail","Large",3.92830764622594
10878,"Rapunzel's Tower","DUPLO",37,29.99,98.99,2018,"Ages_2-5",24,1,"Box",NA,26,NA,"Large",3.96896617108148
60262,"Passenger Airplane","City",669,99.99,99.95,2020,"Ages_6+",273,9,"Box","1.77Kg (3.9 lb)",288,"Retail","Small",3.98047444024639
75536,"Range Trooper","Star Wars",101,24.99,99.99,2018,"Ages_7-14",48,NA,"Box",NA,51,"Retail","Small",3.98095226920344
70830,"Sweet Mayhem's Systar Starship!","THE LEGO MOVIE 2",502,69.99,99.99,2019,"Ages_9+",100,3,"Box","0.91Kg (2 lb)",188,"Retail","Small",3.98095226920344
75941,"Indominus rex vs. Ankylosaurus","Jurassic World",537,99.99,99.99,2020,"Ages_8+",112,5,"Box",NA,216,"Retail","Small",3.98095226920344
60246,"Police Station","City",743,99.99,99.99,2020,"Ages_6+",345,7,"Box","1.85Kg (4.06 lb)",298,"Retail","Small",3.98095226920344
70424,"Ghost Train Express","Hidden Side",698,79.99,100.63,2019,"Ages_8+",136,6,"Box",NA,268,"Retail","Small",3.98857939912002
75202,"Defense of Crait","Star Wars",746,84.99,103.99,2018,"Ages_9-14",144,4,"Box",NA,289,"Retail","Small",4.02807430659235
60196,"Arctic Supply Plane","City",707,79.99,107.69,2018,"Ages_7-12",132,4,"Box","1.21Kg (2.66 lb)",239,"Retail - limited","Small",4.07054549529792
70641,"Ninja Nightcrawler","NINJAGO",552,39.99,107.89,2018,"Ages_9-14",124,3,"Box","0.77Kg (1.7 lb)",205,"Retail","Small",4.07281194661101
75933,"T. Rex Transport","Jurassic World",609,69.99,108.89,2018,"Ages_7-12",156,3,"Box","1.13Kg (2.49 lb)",174,NA,"Small",4.08410030102476
75217,"Imperial Conveyex Transport","Star Wars",622,89.99,115.99,2018,"Ages_8-14",120,4,"Box","1.01Kg (2.22 lb)",187,"Retail","Small",4.1622308566297
72006,"Axl's Rolling Arsenal",NA,604,59.99,117.24,2018,"Ages_8-14",124,4,"Box",NA,191,"Retail",NA,4.17563705527728
76098,"Speed Force Freeze Pursuit","DC",271,29.99,119.95,2018,"Ages_6-12",80,4,"Box","0.46Kg (1 lb)",138,"Retail","Small",4.20436174357598
76103,"Corvus Glaive Thresher Attack","Marvel",416,39.99,124.75,2018,"Ages_7-14",124,5,"Box",NA,168,"Retail","Small",4.25414380299359
42079,"Heavy Duty Forklift","Technic",592,69.99,124.99,2018,"Ages_9-16",232,NA,"Box","1.25Kg (2.75 lb)",109,"Retail","Small",4.25659744895259
10875,"Cargo Train","DUPLO",105,119.99,128.95,2018,"Ages_2-5",64,3,"Box","2.86Kg (6.31 lb)",68,"Retail","Large",4.29661464042904
42109,"App-Controlled Top Gear Rally Car","Powered UP",463,129.99,129.95,2020,"Ages_9+",120,NA,"Box",NA,93,"Retail","Small",4.30658362907639
60197,"Passenger Train","City",677,159.99,134.99,2018,"Ages_6-12",230,4,"Box","2.05Kg (4.51 lb)",165,"Retail","Small",4.3560261596685
75929,"Carnotaurus Gyrosphere Escape","Jurassic World",577,79.99,136.95,2018,"Ages_7-12",140,3,"Box","1.19Kg (2.62 lb)",226,"Retail","Small",4.3749048399862
72004,"Tech Wizard Showdown",NA,506,39.99,138.99,2018,"Ages_8-14",116,3,"Box",NA,197,"Retail",NA,4.394354269399
41152,"Sleeping Beauty's Fairytale Castle","Disney",322,39.99,139.9,2018,"Ages_6-12",84,3,"Box",NA,171,"Retail","Small",4.40296582284821
76112,"App-Controlled Batmobile","DC",321,99.99,139.95,2018,"Ages_8+",108,1,"Box","0.82Kg (1.81 lb)",114,"Retail","Small",4.40343784734824
21146,"The Skeleton Attack","Minecraft",457,39.99,142.98,2018,"Ages_8+",100,3,"Box",NA,136,"Retail","Small",4.43182484486739
41339,"Mia's Camper Van","Friends",488,54.99,142.99,2018,"Ages_7-12",116,2,"Box","0.91Kg (2 lb)",222,"Retail","Small",4.43191783094298
60174,"Mountain Police Headquarters","City",663,89.99,146.48,2018,"Ages_6-12",272,7,"Box","1.73Kg (3.81 lb)",324,"Retail","Small",4.46409573164427
41193,"Aira & the Song of the Wind Dragon",NA,451,39.99,146.67,2018,"Ages_8-12",48,3,"Box",NA,200,"Retail",NA,4.46583206440645
75233,"Droid Gunship","Star Wars",389,49.99,149.99,2019,"Ages_8+",84,3,"Box","0.65Kg (1.43 lb)",150,"Retail","Small",4.49592120815909
60266,"Ocean Exploration Ship","City",745,149.99,149.99,2020,"Ages_7+",229,8,"Box","2.28Kg (5.03 lb)",314,"Retail","Small",4.49592120815909
70923,"The Bat-Space Shuttle","DC",643,79.99,153,2018,"Ages_8-14",124,6,"Box",NA,239,"Retail","Small",4.52280047642625
60195,"Arctic Mobile Exploration Base","City",786,119.99,155.29,2018,"Ages_7-12",236,6,"Box","1.56Kg (3.43 lb)",255,"Retail","Small",4.54300324459842
41154,"Cinderella's Dream Castle","Disney",585,69.99,158.9,2018,"Ages_6-12",132,2,"Box","1.14Kg (2.51 lb)",218,"Retail","Small",4.57443192703051
70642,"Killow vs. Samurai X","NINJAGO",556,49.99,159.98,2018,"Ages_8-14",128,3,"Box",NA,220,"Retail","Small",4.58373717387322
41345,"Heartlake City Pet Centre","Friends",474,59.99,159.99,2018,"Ages_6-12",108,3,"Box","0.99Kg (2.18 lb)",234,"Retail","Small",4.58382312780926
21147,"The Bedrock Adventures","Minecraft",644,89.99,161.95,2018,"Ages_8+",108,4,"Box","1.27Kg (2.8 lb)",168,"Retail","Small",4.60059799374052
41195,"Emily & Noctura's Showdown",NA,650,49.99,162.49,2018,"Ages_8-12",144,4,"Box",NA,246,"Retail",NA,4.60519465155621
75218,"X-wing Starfighter","Star Wars",730,79.99,162.99,2018,"Ages_8-14",120,4,"Box","1.06Kg (2.33 lb)",224,"Retail","Small",4.60944129153682
75221,"Imperial Landing Craft","Star Wars",636,89.99,172.89,2018,"Ages_9-14",108,5,"Box","1.17Kg (2.58 lb)",191,"Retail","Small",4.69170786379716
41340,"Friendship House","Friends",722,69.99,184.99,2018,"Ages_6-12",164,3,"Box","1.14Kg (2.51 lb)",309,"Retail","Small",4.78789343549948
21144,"The Farm Cottage","Minecraft",549,49.99,199.95,2018,"Ages_8+",116,3,"Box",NA,157,"Retail","Small",4.90090656166152
41194,"Noctura's Tower & the Earth Fox Rescue",NA,646,59.99,199.99,2018,"Ages_9-12",44,4,"Box",NA,227,"Retail",NA,4.90120066899544
75211,"Imperial TIE Fighter","Star Wars",519,69.99,203.97,2018,"Ages_9-14",76,4,"Box","0.89Kg (1.96 lb)",129,"Retail","Small",4.9302607506876
70643,"Temple of Resurrection","NINJAGO",765,69.99,255.95,2018,"Ages_8-14",144,8,"Box",NA,297,"Retail","Small",5.27772236228185
10869,"Farm Adventures","DUPLO",104,59.99,299.99,2018,"Ages_2-5",40,3,"Box",NA,42,NA,"Large",5.53518363259127
